========================================
=== n_embd=32: starting ===
  output: pt/yawl_word_1L1H_e32_untied_cuda.pt
  log:    terminal_logs/terminal_log_for_yawl_word_1L1H_e32_untied_cuda_2026_10_08_1349.txt
========================================
[2026-10-08 13:49:13] Using device: cuda
[2026-10-08 13:49:13] Seeded torch RNG with --seed 1337
[2026-10-08 13:49:13] Using precision: float32 (requested: float32)
[2026-10-08 13:49:13] Training mode: word
[2026-10-08 13:49:13] Reading input from txt_local/yawl_word_list_width_26.txt
[2026-10-08 13:49:13] Read 2,721,922 characters
[2026-10-08 13:49:13] Training char tokenizer...
CharTokenizer: Built vocabulary of 27 characters
[2026-10-08 13:49:13] Padding token ID: 27
[2026-10-08 13:49:13] Preparing word blocks from 264097 words...
[2026-10-08 13:49:14] Created 251710 word blocks
[2026-10-08 13:49:14] Skipped 12387 words (too long for block_size=17)
[2026-10-08 13:49:14] Training blocks: 226,539 (3,851,163 tokens)
[2026-10-08 13:49:14] Validation blocks: 25171
[2026-10-08 13:49:14] Saving tokenizer to pt/yawl_word_1L1H_e32_untied_cuda_meta.pkl
[2026-10-08 13:49:14] Initializing new model...
  Vocabulary size: 27 (+ 1 padding token = 28)
number of parameters: 0.01M (softmax attention, untied weights)
num decayed parameter tensors: 7, with 14,624 parameters
num non-decayed parameter tensors: 10, with 480 parameters
using fused AdamW: False

[2026-10-08 13:49:15] Starting training...
Command line: py/train.py --input txt_local/yawl_word_list_width_26.txt --output pt/yawl_word_1L1H_e32_untied_cuda --checkpoints_to pt --mode word --tokenizer char --untie_weights --n_layer 1 --n_head 1 --n_embd 32 --block_size 17 --max_iters 20000 --seed 1337 --no_fused --batch_size 64 --learning_rate 6e-4 --warmup_iters 2000 --dropout 0.0 --val_split 0.1 --precision float32 --eval_interval 500 --eval_iters 20 --save_interval 2500 --log_interval 500 --sample_interval 100000000

--- Mode and tokenizer ---
  mode:               word
  tokenizer:          char
  vocab_size:         27 (+ 1 padding = 28)
  padding token ID:   27
  attention type:     softmax
  precision:          float32
--- Architecture ---
  n_layer:            1
  n_head:             1
  n_embd:             32
  block_size:         17
  dropout:            0.0
  bias:               True  (LayerNorm + Linear bias)
  tie_weights:        False
  no_gelu:            False
  no_bias:            False
--- Training ---
  batch_size:         64
  grad_accum_steps:   1
  max_iters:          20000
  learning_rate:      6.00e-04 (target after warmup)
  min_lr (cosine):    6.00e-05
  warmup_iters:       2000
  weight_decay:       0.1 (decay tensors), 0.0 (no-decay tensors)  [hardcoded]
  betas:              (0.9, 0.95)  [hardcoded]
  grad_clip:          1.0  [hardcoded]
--- Data ---
  input:              txt_local/yawl_word_list_width_26.txt
  val_split:          0.1
--- Logging ---
  log_interval:       500
  eval_interval:      500
  eval_iters:         20
  save_interval:      2500
  sample_interval:    100000000
  sample_max_tokens:  128
--- Output ---
  output:             pt/yawl_word_1L1H_e32_untied_cuda
  checkpoints_to:     pt
  rolling_save:       pt/yawl_word_1L1H_e32_untied_cuda_rolling.pt (written every eval_interval)
============================================================
[2026-10-08 13:49:15] [0m] Step     0 | Epoch   0.00 | train loss 3.3303 | val loss 3.3317 | lr 0.00e+00
iter 0: loss 3.3323, time 185.33ms, mfu -100.00%
[2026-10-08 13:49:15] [0m] Speed at iter 100 (epoch 0.03): 299.03 iters/sec
[2026-10-08 13:49:15] [0m] Speed at iter 200 (epoch 0.06): 610.54 iters/sec
[2026-10-08 13:49:15] [0m] Speed at iter 300 (epoch 0.08): 641.32 iters/sec
[2026-10-08 13:49:15] [0m] Speed at iter 400 (epoch 0.11): 550.20 iters/sec
[2026-10-08 13:49:16] [0m] Step   500 | Epoch   0.14 | train loss 2.7480 | val loss 2.7487 | lr 1.50e-04
  Saved checkpoint to pt/yawl_word_1L1H_e32_untied_cuda (best val loss: 2.7487)
  Saved rolling checkpoint to pt/yawl_word_1L1H_e32_untied_cuda_rolling.pt (iter 500, val 2.7487)
[2026-10-08 13:49:16] [0m] Speed at iter 500 (epoch 0.14): 572.47 iters/sec
iter 500: loss 2.7584, time 21.44ms, mfu 0.00%
[2026-10-08 13:49:16] [0m] Speed at iter 600 (epoch 0.17): 635.72 iters/sec
[2026-10-08 13:49:16] [0m] Speed at iter 700 (epoch 0.20): 685.99 iters/sec
[2026-10-08 13:49:16] [0m] Speed at iter 800 (epoch 0.23): 652.61 iters/sec
[2026-10-08 13:49:16] [0m] Speed at iter 900 (epoch 0.25): 661.63 iters/sec
[2026-10-08 13:49:16] [0m] Step  1000 | Epoch   0.28 | train loss 2.4372 | val loss 2.4198 | lr 3.00e-04
  Saved checkpoint to pt/yawl_word_1L1H_e32_untied_cuda (best val loss: 2.4198)
  Saved rolling checkpoint to pt/yawl_word_1L1H_e32_untied_cuda_rolling.pt (iter 1000, val 2.4198)
[2026-10-08 13:49:16] [0m] Speed at iter 1000 (epoch 0.28): 583.81 iters/sec
iter 1000: loss 2.4935, time 21.74ms, mfu 0.00%
[2026-10-08 13:49:17] [0m] Speed at iter 1100 (epoch 0.31): 623.62 iters/sec
[2026-10-08 13:49:17] [0m] Speed at iter 1200 (epoch 0.34): 590.24 iters/sec
[2026-10-08 13:49:17] [0m] Speed at iter 1300 (epoch 0.37): 607.44 iters/sec
[2026-10-08 13:49:17] [0m] Speed at iter 1400 (epoch 0.40): 652.25 iters/sec
[2026-10-08 13:49:17] [0m] Step  1500 | Epoch   0.42 | train loss 2.3531 | val loss 2.3421 | lr 4.50e-04
  Saved checkpoint to pt/yawl_word_1L1H_e32_untied_cuda (best val loss: 2.3421)
  Saved rolling checkpoint to pt/yawl_word_1L1H_e32_untied_cuda_rolling.pt (iter 1500, val 2.3421)
[2026-10-08 13:49:17] [0m] Speed at iter 1500 (epoch 0.42): 618.45 iters/sec
iter 1500: loss 2.4051, time 21.23ms, mfu 0.00%
[2026-10-08 13:49:17] [0m] Speed at iter 1600 (epoch 0.45): 597.30 iters/sec
[2026-10-08 13:49:17] [0m] Speed at iter 1700 (epoch 0.48): 676.20 iters/sec
[2026-10-08 13:49:18] [0m] Speed at iter 1800 (epoch 0.51): 681.09 iters/sec
[2026-10-08 13:49:18] [0m] Speed at iter 1900 (epoch 0.54): 684.51 iters/sec
[2026-10-08 13:49:18] [0m] Step  2000 | Epoch   0.57 | train loss 2.2885 | val loss 2.2998 | lr 6.00e-04
  Saved checkpoint to pt/yawl_word_1L1H_e32_untied_cuda (best val loss: 2.2998)
  Saved rolling checkpoint to pt/yawl_word_1L1H_e32_untied_cuda_rolling.pt (iter 2000, val 2.2998)
[2026-10-08 13:49:18] [0m] Speed at iter 2000 (epoch 0.57): 588.74 iters/sec
iter 2000: loss 2.2643, time 20.36ms, mfu 0.00%
[2026-10-08 13:49:18] [0m] Speed at iter 2100 (epoch 0.59): 668.29 iters/sec
[2026-10-08 13:49:18] [0m] Speed at iter 2200 (epoch 0.62): 668.16 iters/sec
[2026-10-08 13:49:18] [0m] Speed at iter 2300 (epoch 0.65): 675.53 iters/sec
[2026-10-08 13:49:19] [0m] Speed at iter 2400 (epoch 0.68): 676.92 iters/sec
[2026-10-08 13:49:19] [0m] Step  2500 | Epoch   0.71 | train loss 2.2536 | val loss 2.2655 | lr 5.99e-04
  Saved checkpoint to pt/yawl_word_1L1H_e32_untied_cuda (best val loss: 2.2655)
  Saved rolling checkpoint to pt/yawl_word_1L1H_e32_untied_cuda_rolling.pt (iter 2500, val 2.2655)
[2026-10-08 13:49:19] [0m] Saved periodic checkpoint to pt/yawl_word_1L1H_e32_untied_cuda_iter2500.pt (iter 2500, epoch 0.71)
[2026-10-08 13:49:19] [0m] Speed at iter 2500 (epoch 0.71): 593.81 iters/sec
iter 2500: loss 2.1855, time 22.04ms, mfu 0.00%
[2026-10-08 13:49:19] [0m] Speed at iter 2600 (epoch 0.73): 671.99 iters/sec
[2026-10-08 13:49:19] [0m] Speed at iter 2700 (epoch 0.76): 662.36 iters/sec
[2026-10-08 13:49:19] [0m] Speed at iter 2800 (epoch 0.79): 683.78 iters/sec
[2026-10-08 13:49:19] [0m] Speed at iter 2900 (epoch 0.82): 662.61 iters/sec
[2026-10-08 13:49:19] [0m] Step  3000 | Epoch   0.85 | train loss 2.2123 | val loss 2.2391 | lr 5.96e-04
  Saved checkpoint to pt/yawl_word_1L1H_e32_untied_cuda (best val loss: 2.2391)
  Saved rolling checkpoint to pt/yawl_word_1L1H_e32_untied_cuda_rolling.pt (iter 3000, val 2.2391)
[2026-10-08 13:49:19] [0m] Speed at iter 3000 (epoch 0.85): 590.71 iters/sec
iter 3000: loss 2.2668, time 23.09ms, mfu 0.00%
[2026-10-08 13:49:20] [0m] Speed at iter 3100 (epoch 0.88): 669.36 iters/sec
[2026-10-08 13:49:20] [0m] Speed at iter 3200 (epoch 0.90): 670.56 iters/sec
[2026-10-08 13:49:20] [0m] Speed at iter 3300 (epoch 0.93): 654.67 iters/sec
[2026-10-08 13:49:20] [0m] Speed at iter 3400 (epoch 0.96): 671.20 iters/sec
[2026-10-08 13:49:20] [0m] Step  3500 | Epoch   0.99 | train loss 2.2044 | val loss 2.2152 | lr 5.91e-04
  Saved checkpoint to pt/yawl_word_1L1H_e32_untied_cuda (best val loss: 2.2152)
  Saved rolling checkpoint to pt/yawl_word_1L1H_e32_untied_cuda_rolling.pt (iter 3500, val 2.2152)
[2026-10-08 13:49:20] [0m] Speed at iter 3500 (epoch 0.99): 587.39 iters/sec
iter 3500: loss 2.3010, time 20.35ms, mfu 0.00%
[2026-10-08 13:49:20] [0m] Speed at iter 3600 (epoch 1.02): 668.88 iters/sec
[2026-10-08 13:49:21] [0m] Speed at iter 3700 (epoch 1.05): 658.00 iters/sec
[2026-10-08 13:49:21] [0m] Speed at iter 3800 (epoch 1.07): 677.93 iters/sec
[2026-10-08 13:49:21] [0m] Speed at iter 3900 (epoch 1.10): 682.47 iters/sec
[2026-10-08 13:49:21] [0m] Step  4000 | Epoch   1.13 | train loss 2.1959 | val loss 2.2166 | lr 5.84e-04
  Saved rolling checkpoint to pt/yawl_word_1L1H_e32_untied_cuda_rolling.pt (iter 4000, val 2.2166)
[2026-10-08 13:49:21] [0m] Speed at iter 4000 (epoch 1.13): 588.30 iters/sec
iter 4000: loss 2.2221, time 20.53ms, mfu 0.00%
[2026-10-08 13:49:21] [0m] Speed at iter 4100 (epoch 1.16): 664.88 iters/sec
[2026-10-08 13:49:21] [0m] Speed at iter 4200 (epoch 1.19): 676.03 iters/sec
[2026-10-08 13:49:21] [0m] Speed at iter 4300 (epoch 1.21): 663.44 iters/sec
[2026-10-08 13:49:22] [0m] Speed at iter 4400 (epoch 1.24): 581.30 iters/sec
[2026-10-08 13:49:22] [0m] Step  4500 | Epoch   1.27 | train loss 2.1703 | val loss 2.1979 | lr 5.75e-04
  Saved checkpoint to pt/yawl_word_1L1H_e32_untied_cuda (best val loss: 2.1979)
  Saved rolling checkpoint to pt/yawl_word_1L1H_e32_untied_cuda_rolling.pt (iter 4500, val 2.1979)
[2026-10-08 13:49:22] [0m] Speed at iter 4500 (epoch 1.27): 507.74 iters/sec
iter 4500: loss 2.1692, time 21.40ms, mfu 0.00%
[2026-10-08 13:49:22] [0m] Speed at iter 4600 (epoch 1.30): 647.53 iters/sec
[2026-10-08 13:49:22] [0m] Speed at iter 4700 (epoch 1.33): 677.17 iters/sec
[2026-10-08 13:49:22] [0m] Speed at iter 4800 (epoch 1.36): 698.26 iters/sec
[2026-10-08 13:49:22] [0m] Speed at iter 4900 (epoch 1.38): 691.41 iters/sec
[2026-10-08 13:49:23] [0m] Step  5000 | Epoch   1.41 | train loss 2.1929 | val loss 2.1753 | lr 5.64e-04
  Saved checkpoint to pt/yawl_word_1L1H_e32_untied_cuda (best val loss: 2.1753)
  Saved rolling checkpoint to pt/yawl_word_1L1H_e32_untied_cuda_rolling.pt (iter 5000, val 2.1753)
[2026-10-08 13:49:23] [0m] Saved periodic checkpoint to pt/yawl_word_1L1H_e32_untied_cuda_iter5000.pt (iter 5000, epoch 1.41)
[2026-10-08 13:49:23] [0m] Speed at iter 5000 (epoch 1.41): 583.75 iters/sec
iter 5000: loss 2.1445, time 22.63ms, mfu 0.00%
[2026-10-08 13:49:23] [0m] Speed at iter 5100 (epoch 1.44): 639.03 iters/sec
[2026-10-08 13:49:23] [0m] Speed at iter 5200 (epoch 1.47): 635.62 iters/sec
[2026-10-08 13:49:23] [0m] Speed at iter 5300 (epoch 1.50): 560.48 iters/sec
[2026-10-08 13:49:23] [0m] Speed at iter 5400 (epoch 1.53): 629.49 iters/sec
[2026-10-08 13:49:23] [0m] Step  5500 | Epoch   1.55 | train loss 2.1582 | val loss 2.1814 | lr 5.51e-04
  Saved rolling checkpoint to pt/yawl_word_1L1H_e32_untied_cuda_rolling.pt (iter 5500, val 2.1814)
[2026-10-08 13:49:23] [0m] Speed at iter 5500 (epoch 1.55): 584.92 iters/sec
iter 5500: loss 2.1735, time 19.19ms, mfu 0.00%
[2026-10-08 13:49:24] [0m] Speed at iter 5600 (epoch 1.58): 560.00 iters/sec
[2026-10-08 13:49:24] [0m] Speed at iter 5700 (epoch 1.61): 644.60 iters/sec
[2026-10-08 13:49:24] [0m] Speed at iter 5800 (epoch 1.64): 622.27 iters/sec
[2026-10-08 13:49:24] [0m] Speed at iter 5900 (epoch 1.67): 637.10 iters/sec
[2026-10-08 13:49:24] [0m] Step  6000 | Epoch   1.70 | train loss 2.1515 | val loss 2.1520 | lr 5.37e-04
  Saved checkpoint to pt/yawl_word_1L1H_e32_untied_cuda (best val loss: 2.1520)
  Saved rolling checkpoint to pt/yawl_word_1L1H_e32_untied_cuda_rolling.pt (iter 6000, val 2.1520)
[2026-10-08 13:49:24] [0m] Speed at iter 6000 (epoch 1.70): 533.78 iters/sec
iter 6000: loss 2.1655, time 20.71ms, mfu 0.00%
[2026-10-08 13:49:24] [0m] Speed at iter 6100 (epoch 1.72): 603.72 iters/sec
[2026-10-08 13:49:25] [0m] Speed at iter 6200 (epoch 1.75): 583.84 iters/sec
[2026-10-08 13:49:25] [0m] Speed at iter 6300 (epoch 1.78): 644.58 iters/sec
[2026-10-08 13:49:25] [0m] Speed at iter 6400 (epoch 1.81): 465.45 iters/sec
[2026-10-08 13:49:25] [0m] Step  6500 | Epoch   1.84 | train loss 2.1512 | val loss 2.1623 | lr 5.21e-04
  Saved rolling checkpoint to pt/yawl_word_1L1H_e32_untied_cuda_rolling.pt (iter 6500, val 2.1623)
[2026-10-08 13:49:25] [0m] Speed at iter 6500 (epoch 1.84): 420.41 iters/sec
iter 6500: loss 2.1154, time 19.50ms, mfu 0.00%
[2026-10-08 13:49:25] [0m] Speed at iter 6600 (epoch 1.86): 568.73 iters/sec
[2026-10-08 13:49:26] [0m] Speed at iter 6700 (epoch 1.89): 599.33 iters/sec
[2026-10-08 13:49:26] [0m] Speed at iter 6800 (epoch 1.92): 567.61 iters/sec
[2026-10-08 13:49:26] [0m] Speed at iter 6900 (epoch 1.95): 632.82 iters/sec
[2026-10-08 13:49:26] [0m] Step  7000 | Epoch   1.98 | train loss 2.1476 | val loss 2.1706 | lr 5.04e-04
  Saved rolling checkpoint to pt/yawl_word_1L1H_e32_untied_cuda_rolling.pt (iter 7000, val 2.1706)
[2026-10-08 13:49:26] [0m] Speed at iter 7000 (epoch 1.98): 549.10 iters/sec
iter 7000: loss 2.0944, time 19.87ms, mfu 0.00%
[2026-10-08 13:49:26] [0m] Speed at iter 7100 (epoch 2.01): 594.31 iters/sec
[2026-10-08 13:49:26] [0m] Speed at iter 7200 (epoch 2.03): 563.38 iters/sec
[2026-10-08 13:49:27] [0m] Speed at iter 7300 (epoch 2.06): 593.83 iters/sec
[2026-10-08 13:49:27] [0m] Speed at iter 7400 (epoch 2.09): 608.39 iters/sec
[2026-10-08 13:49:27] [0m] Step  7500 | Epoch   2.12 | train loss 2.1531 | val loss 2.1517 | lr 4.85e-04
  Saved checkpoint to pt/yawl_word_1L1H_e32_untied_cuda (best val loss: 2.1517)
  Saved rolling checkpoint to pt/yawl_word_1L1H_e32_untied_cuda_rolling.pt (iter 7500, val 2.1517)
[2026-10-08 13:49:27] [0m] Saved periodic checkpoint to pt/yawl_word_1L1H_e32_untied_cuda_iter7500.pt (iter 7500, epoch 2.12)
[2026-10-08 13:49:27] [0m] Speed at iter 7500 (epoch 2.12): 553.06 iters/sec
iter 7500: loss 2.1693, time 25.24ms, mfu 0.00%
[2026-10-08 13:49:27] [0m] Speed at iter 7600 (epoch 2.15): 627.68 iters/sec
[2026-10-08 13:49:27] [0m] Speed at iter 7700 (epoch 2.18): 683.61 iters/sec
[2026-10-08 13:49:27] [0m] Speed at iter 7800 (epoch 2.20): 693.14 iters/sec
[2026-10-08 13:49:28] [0m] Speed at iter 7900 (epoch 2.23): 687.50 iters/sec
[2026-10-08 13:49:28] [0m] Step  8000 | Epoch   2.26 | train loss 2.1307 | val loss 2.1327 | lr 4.65e-04
  Saved checkpoint to pt/yawl_word_1L1H_e32_untied_cuda (best val loss: 2.1327)
  Saved rolling checkpoint to pt/yawl_word_1L1H_e32_untied_cuda_rolling.pt (iter 8000, val 2.1327)
[2026-10-08 13:49:28] [0m] Speed at iter 8000 (epoch 2.26): 515.50 iters/sec
iter 8000: loss 2.2212, time 21.15ms, mfu 0.00%
[2026-10-08 13:49:28] [0m] Speed at iter 8100 (epoch 2.29): 627.54 iters/sec
[2026-10-08 13:49:28] [0m] Speed at iter 8200 (epoch 2.32): 496.45 iters/sec
[2026-10-08 13:49:28] [0m] Speed at iter 8300 (epoch 2.34): 569.84 iters/sec
[2026-10-08 13:49:28] [0m] Speed at iter 8400 (epoch 2.37): 581.44 iters/sec
[2026-10-08 13:49:29] [0m] Step  8500 | Epoch   2.40 | train loss 2.1239 | val loss 2.1288 | lr 4.44e-04
  Saved checkpoint to pt/yawl_word_1L1H_e32_untied_cuda (best val loss: 2.1288)
  Saved rolling checkpoint to pt/yawl_word_1L1H_e32_untied_cuda_rolling.pt (iter 8500, val 2.1288)
[2026-10-08 13:49:29] [0m] Speed at iter 8500 (epoch 2.40): 531.89 iters/sec
iter 8500: loss 2.1352, time 20.94ms, mfu 0.00%
[2026-10-08 13:49:29] [0m] Speed at iter 8600 (epoch 2.43): 598.45 iters/sec
[2026-10-08 13:49:29] [0m] Speed at iter 8700 (epoch 2.46): 599.60 iters/sec
[2026-10-08 13:49:29] [0m] Speed at iter 8800 (epoch 2.49): 666.60 iters/sec
[2026-10-08 13:49:29] [0m] Speed at iter 8900 (epoch 2.51): 698.94 iters/sec
[2026-10-08 13:49:29] [0m] Step  9000 | Epoch   2.54 | train loss 2.1356 | val loss 2.1285 | lr 4.22e-04
  Saved checkpoint to pt/yawl_word_1L1H_e32_untied_cuda (best val loss: 2.1285)
  Saved rolling checkpoint to pt/yawl_word_1L1H_e32_untied_cuda_rolling.pt (iter 9000, val 2.1285)
[2026-10-08 13:49:29] [0m] Speed at iter 9000 (epoch 2.54): 554.51 iters/sec
iter 9000: loss 2.1850, time 20.74ms, mfu 0.00%
[2026-10-08 13:49:30] [0m] Speed at iter 9100 (epoch 2.57): 620.12 iters/sec
[2026-10-08 13:49:30] [0m] Speed at iter 9200 (epoch 2.60): 691.12 iters/sec
[2026-10-08 13:49:30] [0m] Speed at iter 9300 (epoch 2.63): 670.90 iters/sec
[2026-10-08 13:49:30] [0m] Speed at iter 9400 (epoch 2.66): 673.02 iters/sec
[2026-10-08 13:49:30] [0m] Step  9500 | Epoch   2.68 | train loss 2.1114 | val loss 2.1289 | lr 4.00e-04
  Saved rolling checkpoint to pt/yawl_word_1L1H_e32_untied_cuda_rolling.pt (iter 9500, val 2.1289)
[2026-10-08 13:49:30] [0m] Speed at iter 9500 (epoch 2.68): 549.76 iters/sec
iter 9500: loss 2.1324, time 19.30ms, mfu 0.00%
[2026-10-08 13:49:30] [0m] Speed at iter 9600 (epoch 2.71): 630.96 iters/sec
[2026-10-08 13:49:31] [0m] Speed at iter 9700 (epoch 2.74): 654.33 iters/sec
[2026-10-08 13:49:31] [0m] Speed at iter 9800 (epoch 2.77): 594.31 iters/sec
[2026-10-08 13:49:31] [0m] Speed at iter 9900 (epoch 2.80): 532.66 iters/sec
[2026-10-08 13:49:31] [0m] Step 10000 | Epoch   2.83 | train loss 2.1127 | val loss 2.1431 | lr 3.77e-04
  Saved rolling checkpoint to pt/yawl_word_1L1H_e32_untied_cuda_rolling.pt (iter 10000, val 2.1431)
[2026-10-08 13:49:31] [0m] Saved periodic checkpoint to pt/yawl_word_1L1H_e32_untied_cuda_iter10000.pt (iter 10000, epoch 2.83)
[2026-10-08 13:49:31] [0m] Speed at iter 10000 (epoch 2.83): 571.12 iters/sec
iter 10000: loss 2.0619, time 20.86ms, mfu 0.00%
[2026-10-08 13:49:31] [0m] Speed at iter 10100 (epoch 2.85): 558.80 iters/sec
[2026-10-08 13:49:31] [0m] Speed at iter 10200 (epoch 2.88): 595.09 iters/sec
[2026-10-08 13:49:32] [0m] Speed at iter 10300 (epoch 2.91): 606.72 iters/sec
[2026-10-08 13:49:32] [0m] Speed at iter 10400 (epoch 2.94): 674.55 iters/sec
[2026-10-08 13:49:32] [0m] Step 10500 | Epoch   2.97 | train loss 2.1189 | val loss 2.1138 | lr 3.54e-04
  Saved checkpoint to pt/yawl_word_1L1H_e32_untied_cuda (best val loss: 2.1138)
  Saved rolling checkpoint to pt/yawl_word_1L1H_e32_untied_cuda_rolling.pt (iter 10500, val 2.1138)
[2026-10-08 13:49:32] [0m] Speed at iter 10500 (epoch 2.97): 618.21 iters/sec
iter 10500: loss 2.1063, time 22.66ms, mfu 0.00%
[2026-10-08 13:49:32] [0m] Speed at iter 10600 (epoch 2.99): 675.94 iters/sec
[2026-10-08 13:49:32] [0m] Speed at iter 10700 (epoch 3.02): 666.67 iters/sec
[2026-10-08 13:49:32] [0m] Speed at iter 10800 (epoch 3.05): 513.41 iters/sec
[2026-10-08 13:49:33] [0m] Speed at iter 10900 (epoch 3.08): 625.74 iters/sec
[2026-10-08 13:49:33] [0m] Step 11000 | Epoch   3.11 | train loss 2.1011 | val loss 2.1118 | lr 3.30e-04
  Saved checkpoint to pt/yawl_word_1L1H_e32_untied_cuda (best val loss: 2.1118)
  Saved rolling checkpoint to pt/yawl_word_1L1H_e32_untied_cuda_rolling.pt (iter 11000, val 2.1118)
[2026-10-08 13:49:33] [0m] Speed at iter 11000 (epoch 3.11): 577.10 iters/sec
iter 11000: loss 2.0471, time 20.88ms, mfu 0.00%
[2026-10-08 13:49:33] [0m] Speed at iter 11100 (epoch 3.14): 592.99 iters/sec
[2026-10-08 13:49:33] [0m] Speed at iter 11200 (epoch 3.16): 675.83 iters/sec
[2026-10-08 13:49:33] [0m] Speed at iter 11300 (epoch 3.19): 710.47 iters/sec
[2026-10-08 13:49:33] [0m] Speed at iter 11400 (epoch 3.22): 678.76 iters/sec
[2026-10-08 13:49:33] [0m] Step 11500 | Epoch   3.25 | train loss 2.1141 | val loss 2.1109 | lr 3.06e-04
  Saved checkpoint to pt/yawl_word_1L1H_e32_untied_cuda (best val loss: 2.1109)
  Saved rolling checkpoint to pt/yawl_word_1L1H_e32_untied_cuda_rolling.pt (iter 11500, val 2.1109)
[2026-10-08 13:49:33] [0m] Speed at iter 11500 (epoch 3.25): 620.41 iters/sec
iter 11500: loss 2.1090, time 20.50ms, mfu 0.00%
[2026-10-08 13:49:34] [0m] Speed at iter 11600 (epoch 3.28): 593.68 iters/sec
[2026-10-08 13:49:34] [0m] Speed at iter 11700 (epoch 3.31): 500.45 iters/sec
[2026-10-08 13:49:34] [0m] Speed at iter 11800 (epoch 3.33): 616.19 iters/sec
[2026-10-08 13:49:34] [0m] Speed at iter 11900 (epoch 3.36): 665.82 iters/sec
[2026-10-08 13:49:34] [0m] Step 12000 | Epoch   3.39 | train loss 2.1041 | val loss 2.1194 | lr 2.83e-04
  Saved rolling checkpoint to pt/yawl_word_1L1H_e32_untied_cuda_rolling.pt (iter 12000, val 2.1194)
[2026-10-08 13:49:34] [0m] Speed at iter 12000 (epoch 3.39): 589.00 iters/sec
iter 12000: loss 1.9998, time 19.11ms, mfu 0.00%
[2026-10-08 13:49:34] [0m] Speed at iter 12100 (epoch 3.42): 629.82 iters/sec
[2026-10-08 13:49:35] [0m] Speed at iter 12200 (epoch 3.45): 581.92 iters/sec
[2026-10-08 13:49:35] [0m] Speed at iter 12300 (epoch 3.47): 603.31 iters/sec
[2026-10-08 13:49:35] [0m] Speed at iter 12400 (epoch 3.50): 608.92 iters/sec
[2026-10-08 13:49:35] [0m] Step 12500 | Epoch   3.53 | train loss 2.1207 | val loss 2.1031 | lr 2.60e-04
  Saved checkpoint to pt/yawl_word_1L1H_e32_untied_cuda (best val loss: 2.1031)
  Saved rolling checkpoint to pt/yawl_word_1L1H_e32_untied_cuda_rolling.pt (iter 12500, val 2.1031)
[2026-10-08 13:49:35] [0m] Saved periodic checkpoint to pt/yawl_word_1L1H_e32_untied_cuda_iter12500.pt (iter 12500, epoch 3.53)
[2026-10-08 13:49:35] [0m] Speed at iter 12500 (epoch 3.53): 533.03 iters/sec
iter 12500: loss 2.0875, time 24.53ms, mfu 0.00%
[2026-10-08 13:49:35] [0m] Speed at iter 12600 (epoch 3.56): 593.79 iters/sec
[2026-10-08 13:49:35] [0m] Speed at iter 12700 (epoch 3.59): 618.05 iters/sec
[2026-10-08 13:49:36] [0m] Speed at iter 12800 (epoch 3.62): 648.81 iters/sec
[2026-10-08 13:49:36] [0m] Speed at iter 12900 (epoch 3.64): 647.08 iters/sec
[2026-10-08 13:49:36] [0m] Step 13000 | Epoch   3.67 | train loss 2.1350 | val loss 2.1054 | lr 2.38e-04
  Saved rolling checkpoint to pt/yawl_word_1L1H_e32_untied_cuda_rolling.pt (iter 13000, val 2.1054)
[2026-10-08 13:49:36] [0m] Speed at iter 13000 (epoch 3.67): 601.04 iters/sec
iter 13000: loss 2.1698, time 19.23ms, mfu 0.00%
[2026-10-08 13:49:36] [0m] Speed at iter 13100 (epoch 3.70): 674.59 iters/sec
[2026-10-08 13:49:36] [0m] Speed at iter 13200 (epoch 3.73): 696.80 iters/sec
[2026-10-08 13:49:36] [0m] Speed at iter 13300 (epoch 3.76): 571.25 iters/sec
[2026-10-08 13:49:37] [0m] Speed at iter 13400 (epoch 3.79): 630.83 iters/sec
[2026-10-08 13:49:37] [0m] Step 13500 | Epoch   3.81 | train loss 2.0996 | val loss 2.0900 | lr 2.16e-04
  Saved checkpoint to pt/yawl_word_1L1H_e32_untied_cuda (best val loss: 2.0900)
  Saved rolling checkpoint to pt/yawl_word_1L1H_e32_untied_cuda_rolling.pt (iter 13500, val 2.0900)
[2026-10-08 13:49:37] [0m] Speed at iter 13500 (epoch 3.81): 557.12 iters/sec
iter 13500: loss 2.0428, time 20.94ms, mfu 0.00%
[2026-10-08 13:49:37] [0m] Speed at iter 13600 (epoch 3.84): 592.34 iters/sec
[2026-10-08 13:49:37] [0m] Speed at iter 13700 (epoch 3.87): 645.52 iters/sec
[2026-10-08 13:49:37] [0m] Speed at iter 13800 (epoch 3.90): 661.89 iters/sec
[2026-10-08 13:49:37] [0m] Speed at iter 13900 (epoch 3.93): 660.56 iters/sec
[2026-10-08 13:49:38] [0m] Step 14000 | Epoch   3.96 | train loss 2.1062 | val loss 2.0895 | lr 1.95e-04
  Saved checkpoint to pt/yawl_word_1L1H_e32_untied_cuda (best val loss: 2.0895)
  Saved rolling checkpoint to pt/yawl_word_1L1H_e32_untied_cuda_rolling.pt (iter 14000, val 2.0895)
[2026-10-08 13:49:38] [0m] Speed at iter 14000 (epoch 3.96): 534.74 iters/sec
iter 14000: loss 2.1200, time 23.30ms, mfu 0.00%
[2026-10-08 13:49:38] [0m] Speed at iter 14100 (epoch 3.98): 637.99 iters/sec
[2026-10-08 13:49:38] [0m] Speed at iter 14200 (epoch 4.01): 644.61 iters/sec
[2026-10-08 13:49:38] [0m] Speed at iter 14300 (epoch 4.04): 662.67 iters/sec
[2026-10-08 13:49:38] [0m] Speed at iter 14400 (epoch 4.07): 686.45 iters/sec
[2026-10-08 13:49:38] [0m] Step 14500 | Epoch   4.10 | train loss 2.0824 | val loss 2.0938 | lr 1.75e-04
  Saved rolling checkpoint to pt/yawl_word_1L1H_e32_untied_cuda_rolling.pt (iter 14500, val 2.0938)
[2026-10-08 13:49:38] [0m] Speed at iter 14500 (epoch 4.10): 543.58 iters/sec
iter 14500: loss 2.0777, time 20.30ms, mfu 0.00%
[2026-10-08 13:49:39] [0m] Speed at iter 14600 (epoch 4.12): 606.10 iters/sec
[2026-10-08 13:49:39] [0m] Speed at iter 14700 (epoch 4.15): 681.62 iters/sec
[2026-10-08 13:49:39] [0m] Speed at iter 14800 (epoch 4.18): 708.44 iters/sec
[2026-10-08 13:49:39] [0m] Speed at iter 14900 (epoch 4.21): 664.97 iters/sec
[2026-10-08 13:49:39] [0m] Step 15000 | Epoch   4.24 | train loss 2.1009 | val loss 2.0869 | lr 1.56e-04
  Saved checkpoint to pt/yawl_word_1L1H_e32_untied_cuda (best val loss: 2.0869)
  Saved rolling checkpoint to pt/yawl_word_1L1H_e32_untied_cuda_rolling.pt (iter 15000, val 2.0869)
[2026-10-08 13:49:39] [0m] Saved periodic checkpoint to pt/yawl_word_1L1H_e32_untied_cuda_iter15000.pt (iter 15000, epoch 4.24)
[2026-10-08 13:49:39] [0m] Speed at iter 15000 (epoch 4.24): 601.63 iters/sec
iter 15000: loss 2.1302, time 24.32ms, mfu 0.00%
[2026-10-08 13:49:39] [0m] Speed at iter 15100 (epoch 4.27): 600.83 iters/sec
[2026-10-08 13:49:39] [0m] Speed at iter 15200 (epoch 4.29): 580.96 iters/sec
[2026-10-08 13:49:40] [0m] Speed at iter 15300 (epoch 4.32): 590.50 iters/sec
[2026-10-08 13:49:40] [0m] Speed at iter 15400 (epoch 4.35): 628.44 iters/sec
[2026-10-08 13:49:40] [0m] Step 15500 | Epoch   4.38 | train loss 2.0732 | val loss 2.1008 | lr 1.39e-04
  Saved rolling checkpoint to pt/yawl_word_1L1H_e32_untied_cuda_rolling.pt (iter 15500, val 2.1008)
[2026-10-08 13:49:40] [0m] Speed at iter 15500 (epoch 4.38): 554.04 iters/sec
iter 15500: loss 2.0411, time 19.30ms, mfu 0.00%
[2026-10-08 13:49:40] [0m] Speed at iter 15600 (epoch 4.41): 506.02 iters/sec
[2026-10-08 13:49:40] [0m] Speed at iter 15700 (epoch 4.44): 564.68 iters/sec
[2026-10-08 13:49:41] [0m] Speed at iter 15800 (epoch 4.46): 683.64 iters/sec
[2026-10-08 13:49:41] [0m] Speed at iter 15900 (epoch 4.49): 702.42 iters/sec
[2026-10-08 13:49:41] [0m] Step 16000 | Epoch   4.52 | train loss 2.0823 | val loss 2.0932 | lr 1.23e-04
  Saved rolling checkpoint to pt/yawl_word_1L1H_e32_untied_cuda_rolling.pt (iter 16000, val 2.0932)
[2026-10-08 13:49:41] [0m] Speed at iter 16000 (epoch 4.52): 615.43 iters/sec
iter 16000: loss 2.0736, time 20.31ms, mfu 0.00%
[2026-10-08 13:49:41] [0m] Speed at iter 16100 (epoch 4.55): 590.71 iters/sec
[2026-10-08 13:49:41] [0m] Speed at iter 16200 (epoch 4.58): 590.84 iters/sec
[2026-10-08 13:49:41] [0m] Speed at iter 16300 (epoch 4.60): 613.33 iters/sec
[2026-10-08 13:49:42] [0m] Speed at iter 16400 (epoch 4.63): 521.20 iters/sec
[2026-10-08 13:49:42] [0m] Step 16500 | Epoch   4.66 | train loss 2.0947 | val loss 2.0962 | lr 1.09e-04
  Saved rolling checkpoint to pt/yawl_word_1L1H_e32_untied_cuda_rolling.pt (iter 16500, val 2.0962)
[2026-10-08 13:49:42] [0m] Speed at iter 16500 (epoch 4.66): 557.94 iters/sec
iter 16500: loss 2.1137, time 19.95ms, mfu 0.00%
[2026-10-08 13:49:42] [0m] Speed at iter 16600 (epoch 4.69): 638.73 iters/sec
[2026-10-08 13:49:42] [0m] Speed at iter 16700 (epoch 4.72): 578.66 iters/sec
[2026-10-08 13:49:42] [0m] Speed at iter 16800 (epoch 4.75): 652.41 iters/sec
[2026-10-08 13:49:42] [0m] Speed at iter 16900 (epoch 4.77): 649.69 iters/sec
[2026-10-08 13:49:42] [0m] Step 17000 | Epoch   4.80 | train loss 2.0779 | val loss 2.0885 | lr 9.62e-05
  Saved rolling checkpoint to pt/yawl_word_1L1H_e32_untied_cuda_rolling.pt (iter 17000, val 2.0885)
[2026-10-08 13:49:42] [0m] Speed at iter 17000 (epoch 4.80): 614.76 iters/sec
iter 17000: loss 2.1722, time 21.14ms, mfu 0.00%
[2026-10-08 13:49:43] [0m] Speed at iter 17100 (epoch 4.83): 552.18 iters/sec
[2026-10-08 13:49:43] [0m] Speed at iter 17200 (epoch 4.86): 510.41 iters/sec
[2026-10-08 13:49:43] [0m] Speed at iter 17300 (epoch 4.89): 585.87 iters/sec
[2026-10-08 13:49:43] [0m] Speed at iter 17400 (epoch 4.92): 588.97 iters/sec
[2026-10-08 13:49:43] [0m] Step 17500 | Epoch   4.94 | train loss 2.0763 | val loss 2.1007 | lr 8.53e-05
  Saved rolling checkpoint to pt/yawl_word_1L1H_e32_untied_cuda_rolling.pt (iter 17500, val 2.1007)
[2026-10-08 13:49:43] [0m] Saved periodic checkpoint to pt/yawl_word_1L1H_e32_untied_cuda_iter17500.pt (iter 17500, epoch 4.94)
[2026-10-08 13:49:43] [0m] Speed at iter 17500 (epoch 4.94): 499.93 iters/sec
iter 17500: loss 2.1049, time 21.12ms, mfu 0.00%
[2026-10-08 13:49:44] [0m] Speed at iter 17600 (epoch 4.97): 649.32 iters/sec
[2026-10-08 13:49:44] [0m] Speed at iter 17700 (epoch 5.00): 661.94 iters/sec
[2026-10-08 13:49:44] [0m] Speed at iter 17800 (epoch 5.03): 684.78 iters/sec
[2026-10-08 13:49:44] [0m] Speed at iter 17900 (epoch 5.06): 580.26 iters/sec
[2026-10-08 13:49:44] [0m] Step 18000 | Epoch   5.09 | train loss 2.0842 | val loss 2.0892 | lr 7.63e-05
  Saved rolling checkpoint to pt/yawl_word_1L1H_e32_untied_cuda_rolling.pt (iter 18000, val 2.0892)
[2026-10-08 13:49:44] [0m] Speed at iter 18000 (epoch 5.09): 535.98 iters/sec
iter 18000: loss 2.0580, time 21.13ms, mfu 0.00%
[2026-10-08 13:49:44] [0m] Speed at iter 18100 (epoch 5.11): 608.78 iters/sec
[2026-10-08 13:49:45] [0m] Speed at iter 18200 (epoch 5.14): 591.45 iters/sec
[2026-10-08 13:49:45] [0m] Speed at iter 18300 (epoch 5.17): 598.26 iters/sec
[2026-10-08 13:49:45] [0m] Speed at iter 18400 (epoch 5.20): 639.45 iters/sec
[2026-10-08 13:49:45] [0m] Step 18500 | Epoch   5.23 | train loss 2.0757 | val loss 2.0989 | lr 6.92e-05
  Saved rolling checkpoint to pt/yawl_word_1L1H_e32_untied_cuda_rolling.pt (iter 18500, val 2.0989)
[2026-10-08 13:49:45] [0m] Speed at iter 18500 (epoch 5.23): 582.59 iters/sec
iter 18500: loss 2.0597, time 19.03ms, mfu 0.00%
[2026-10-08 13:49:45] [0m] Speed at iter 18600 (epoch 5.25): 546.53 iters/sec
[2026-10-08 13:49:45] [0m] Speed at iter 18700 (epoch 5.28): 582.69 iters/sec
[2026-10-08 13:49:46] [0m] Speed at iter 18800 (epoch 5.31): 573.34 iters/sec
[2026-10-08 13:49:46] [0m] Speed at iter 18900 (epoch 5.34): 590.16 iters/sec
[2026-10-08 13:49:46] [0m] Step 19000 | Epoch   5.37 | train loss 2.0774 | val loss 2.0962 | lr 6.41e-05
  Saved rolling checkpoint to pt/yawl_word_1L1H_e32_untied_cuda_rolling.pt (iter 19000, val 2.0962)
[2026-10-08 13:49:46] [0m] Speed at iter 19000 (epoch 5.37): 495.27 iters/sec
iter 19000: loss 2.1184, time 21.35ms, mfu 0.00%
[2026-10-08 13:49:46] [0m] Speed at iter 19100 (epoch 5.40): 567.41 iters/sec
[2026-10-08 13:49:46] [0m] Speed at iter 19200 (epoch 5.42): 632.85 iters/sec
[2026-10-08 13:49:46] [0m] Speed at iter 19300 (epoch 5.45): 639.36 iters/sec
[2026-10-08 13:49:47] [0m] Speed at iter 19400 (epoch 5.48): 677.66 iters/sec
[2026-10-08 13:49:47] [0m] Step 19500 | Epoch   5.51 | train loss 2.0942 | val loss 2.0959 | lr 6.10e-05
  Saved rolling checkpoint to pt/yawl_word_1L1H_e32_untied_cuda_rolling.pt (iter 19500, val 2.0959)
[2026-10-08 13:49:47] [0m] Speed at iter 19500 (epoch 5.51): 593.85 iters/sec
iter 19500: loss 2.0159, time 20.88ms, mfu 0.00%
[2026-10-08 13:49:47] [0m] Speed at iter 19600 (epoch 5.54): 664.20 iters/sec
[2026-10-08 13:49:47] [0m] Speed at iter 19700 (epoch 5.57): 651.76 iters/sec
[2026-10-08 13:49:47] [0m] Speed at iter 19800 (epoch 5.59): 669.94 iters/sec
[2026-10-08 13:49:47] [0m] Speed at iter 19900 (epoch 5.62): 676.98 iters/sec

[2026-10-08 13:49:48] [0m] Training complete!
Mode: word
Tokenizer: char
Attention type: softmax
Final iteration: 20000, Final epoch: 5.65
Best validation loss: 2.0869
[2026-10-08 13:49:48] Saving final model to pt/yawl_word_1L1H_e32_untied_cuda_final.pt
Final model saved to: pt/yawl_word_1L1H_e32_untied_cuda
============================================================

[2026-10-08 13:49:48] Final sample from trained model:
lickling
faggers
rematory
woin
discomolary
truthead
subsan
unnitimation
iattingles
reflads
hispings
reckarity
zelencing
telited
uncher
velangonial
suellisate
percropograw
spored
klindoxising

=== n_embd=32: finished at Thu Oct  8 01:49:48 PM EDT 2026 ===

========================================
=== n_embd=28: starting ===
  output: pt/yawl_word_1L1H_e28_untied_cuda.pt
  log:    terminal_logs/terminal_log_for_yawl_word_1L1H_e28_untied_cuda_2026_10_08_1349.txt
========================================
[2026-10-08 13:49:49] Using device: cuda
[2026-10-08 13:49:49] Seeded torch RNG with --seed 1337
[2026-10-08 13:49:49] Using precision: float32 (requested: float32)
[2026-10-08 13:49:49] Training mode: word
[2026-10-08 13:49:49] Reading input from txt_local/yawl_word_list_width_26.txt
[2026-10-08 13:49:49] Read 2,721,922 characters
[2026-10-08 13:49:49] Training char tokenizer...
CharTokenizer: Built vocabulary of 27 characters
[2026-10-08 13:49:49] Padding token ID: 27
[2026-10-08 13:49:49] Preparing word blocks from 264097 words...
[2026-10-08 13:49:50] Created 251710 word blocks
[2026-10-08 13:49:50] Skipped 12387 words (too long for block_size=17)
[2026-10-08 13:49:50] Training blocks: 226,539 (3,851,163 tokens)
[2026-10-08 13:49:50] Validation blocks: 25171
[2026-10-08 13:49:50] Saving tokenizer to pt/yawl_word_1L1H_e28_untied_cuda_meta.pkl
[2026-10-08 13:49:50] Initializing new model...
  Vocabulary size: 27 (+ 1 padding token = 28)
number of parameters: 0.01M (softmax attention, untied weights)
num decayed parameter tensors: 7, with 11,452 parameters
num non-decayed parameter tensors: 10, with 420 parameters
using fused AdamW: False

[2026-10-08 13:49:50] Starting training...
Command line: py/train.py --input txt_local/yawl_word_list_width_26.txt --output pt/yawl_word_1L1H_e28_untied_cuda --checkpoints_to pt --mode word --tokenizer char --untie_weights --n_layer 1 --n_head 1 --n_embd 28 --block_size 17 --max_iters 20000 --seed 1337 --no_fused --batch_size 64 --learning_rate 6e-4 --warmup_iters 2000 --dropout 0.0 --val_split 0.1 --precision float32 --eval_interval 500 --eval_iters 20 --save_interval 2500 --log_interval 500 --sample_interval 100000000

--- Mode and tokenizer ---
  mode:               word
  tokenizer:          char
  vocab_size:         27 (+ 1 padding = 28)
  padding token ID:   27
  attention type:     softmax
  precision:          float32
--- Architecture ---
  n_layer:            1
  n_head:             1
  n_embd:             28
  block_size:         17
  dropout:            0.0
  bias:               True  (LayerNorm + Linear bias)
  tie_weights:        False
  no_gelu:            False
  no_bias:            False
--- Training ---
  batch_size:         64
  grad_accum_steps:   1
  max_iters:          20000
  learning_rate:      6.00e-04 (target after warmup)
  min_lr (cosine):    6.00e-05
  warmup_iters:       2000
  weight_decay:       0.1 (decay tensors), 0.0 (no-decay tensors)  [hardcoded]
  betas:              (0.9, 0.95)  [hardcoded]
  grad_clip:          1.0  [hardcoded]
--- Data ---
  input:              txt_local/yawl_word_list_width_26.txt
  val_split:          0.1
--- Logging ---
  log_interval:       500
  eval_interval:      500
  eval_iters:         20
  save_interval:      2500
  sample_interval:    100000000
  sample_max_tokens:  128
--- Output ---
  output:             pt/yawl_word_1L1H_e28_untied_cuda
  checkpoints_to:     pt
  rolling_save:       pt/yawl_word_1L1H_e28_untied_cuda_rolling.pt (written every eval_interval)
============================================================
[2026-10-08 13:49:50] [0m] Step     0 | Epoch   0.00 | train loss 3.3364 | val loss 3.3348 | lr 0.00e+00
iter 0: loss 3.3274, time 190.05ms, mfu -100.00%
[2026-10-08 13:49:50] [0m] Speed at iter 100 (epoch 0.03): 277.75 iters/sec
[2026-10-08 13:49:51] [0m] Speed at iter 200 (epoch 0.06): 595.17 iters/sec
[2026-10-08 13:49:51] [0m] Speed at iter 300 (epoch 0.08): 642.48 iters/sec
[2026-10-08 13:49:51] [0m] Speed at iter 400 (epoch 0.11): 650.79 iters/sec
[2026-10-08 13:49:51] [0m] Step   500 | Epoch   0.14 | train loss 2.8095 | val loss 2.8089 | lr 1.50e-04
  Saved checkpoint to pt/yawl_word_1L1H_e28_untied_cuda (best val loss: 2.8089)
  Saved rolling checkpoint to pt/yawl_word_1L1H_e28_untied_cuda_rolling.pt (iter 500, val 2.8089)
[2026-10-08 13:49:51] [0m] Speed at iter 500 (epoch 0.14): 535.71 iters/sec
iter 500: loss 2.8103, time 21.38ms, mfu 0.00%
[2026-10-08 13:49:51] [0m] Speed at iter 600 (epoch 0.17): 663.74 iters/sec
[2026-10-08 13:49:51] [0m] Speed at iter 700 (epoch 0.20): 654.49 iters/sec
[2026-10-08 13:49:52] [0m] Speed at iter 800 (epoch 0.23): 661.16 iters/sec
[2026-10-08 13:49:52] [0m] Speed at iter 900 (epoch 0.25): 663.44 iters/sec
[2026-10-08 13:49:52] [0m] Step  1000 | Epoch   0.28 | train loss 2.4358 | val loss 2.4404 | lr 3.00e-04
  Saved checkpoint to pt/yawl_word_1L1H_e28_untied_cuda (best val loss: 2.4404)
  Saved rolling checkpoint to pt/yawl_word_1L1H_e28_untied_cuda_rolling.pt (iter 1000, val 2.4404)
[2026-10-08 13:49:52] [0m] Speed at iter 1000 (epoch 0.28): 599.35 iters/sec
iter 1000: loss 2.4480, time 20.60ms, mfu 0.00%
[2026-10-08 13:49:52] [0m] Speed at iter 1100 (epoch 0.31): 643.28 iters/sec
[2026-10-08 13:49:52] [0m] Speed at iter 1200 (epoch 0.34): 682.62 iters/sec
[2026-10-08 13:49:52] [0m] Speed at iter 1300 (epoch 0.37): 691.06 iters/sec
[2026-10-08 13:49:52] [0m] Speed at iter 1400 (epoch 0.40): 683.25 iters/sec
[2026-10-08 13:49:53] [0m] Step  1500 | Epoch   0.42 | train loss 2.3702 | val loss 2.3523 | lr 4.50e-04
  Saved checkpoint to pt/yawl_word_1L1H_e28_untied_cuda (best val loss: 2.3523)
  Saved rolling checkpoint to pt/yawl_word_1L1H_e28_untied_cuda_rolling.pt (iter 1500, val 2.3523)
[2026-10-08 13:49:53] [0m] Speed at iter 1500 (epoch 0.42): 598.96 iters/sec
iter 1500: loss 2.3122, time 20.71ms, mfu 0.00%
[2026-10-08 13:49:53] [0m] Speed at iter 1600 (epoch 0.45): 676.42 iters/sec
[2026-10-08 13:49:53] [0m] Speed at iter 1700 (epoch 0.48): 666.35 iters/sec
[2026-10-08 13:49:53] [0m] Speed at iter 1800 (epoch 0.51): 658.25 iters/sec
[2026-10-08 13:49:53] [0m] Speed at iter 1900 (epoch 0.54): 678.43 iters/sec
[2026-10-08 13:49:53] [0m] Step  2000 | Epoch   0.57 | train loss 2.3027 | val loss 2.3205 | lr 6.00e-04
  Saved checkpoint to pt/yawl_word_1L1H_e28_untied_cuda (best val loss: 2.3205)
  Saved rolling checkpoint to pt/yawl_word_1L1H_e28_untied_cuda_rolling.pt (iter 2000, val 2.3205)
[2026-10-08 13:49:53] [0m] Speed at iter 2000 (epoch 0.57): 605.71 iters/sec
iter 2000: loss 2.3290, time 20.50ms, mfu 0.00%
[2026-10-08 13:49:54] [0m] Speed at iter 2100 (epoch 0.59): 682.38 iters/sec
[2026-10-08 13:49:54] [0m] Speed at iter 2200 (epoch 0.62): 630.71 iters/sec
[2026-10-08 13:49:54] [0m] Speed at iter 2300 (epoch 0.65): 660.87 iters/sec
[2026-10-08 13:49:54] [0m] Speed at iter 2400 (epoch 0.68): 658.48 iters/sec
[2026-10-08 13:49:54] [0m] Step  2500 | Epoch   0.71 | train loss 2.2657 | val loss 2.2807 | lr 5.99e-04
  Saved checkpoint to pt/yawl_word_1L1H_e28_untied_cuda (best val loss: 2.2807)
  Saved rolling checkpoint to pt/yawl_word_1L1H_e28_untied_cuda_rolling.pt (iter 2500, val 2.2807)
[2026-10-08 13:49:54] [0m] Saved periodic checkpoint to pt/yawl_word_1L1H_e28_untied_cuda_iter2500.pt (iter 2500, epoch 0.71)
[2026-10-08 13:49:54] [0m] Speed at iter 2500 (epoch 0.71): 581.69 iters/sec
iter 2500: loss 2.2913, time 22.54ms, mfu 0.00%
[2026-10-08 13:49:54] [0m] Speed at iter 2600 (epoch 0.73): 627.67 iters/sec
[2026-10-08 13:49:55] [0m] Speed at iter 2700 (epoch 0.76): 601.55 iters/sec
[2026-10-08 13:49:55] [0m] Speed at iter 2800 (epoch 0.79): 619.01 iters/sec
[2026-10-08 13:49:55] [0m] Speed at iter 2900 (epoch 0.82): 656.40 iters/sec
[2026-10-08 13:49:55] [0m] Step  3000 | Epoch   0.85 | train loss 2.2320 | val loss 2.2440 | lr 5.96e-04
  Saved checkpoint to pt/yawl_word_1L1H_e28_untied_cuda (best val loss: 2.2440)
  Saved rolling checkpoint to pt/yawl_word_1L1H_e28_untied_cuda_rolling.pt (iter 3000, val 2.2440)
[2026-10-08 13:49:55] [0m] Speed at iter 3000 (epoch 0.85): 576.58 iters/sec
iter 3000: loss 2.2080, time 24.10ms, mfu 0.00%
[2026-10-08 13:49:55] [0m] Speed at iter 3100 (epoch 0.88): 663.98 iters/sec
[2026-10-08 13:49:55] [0m] Speed at iter 3200 (epoch 0.90): 686.89 iters/sec
[2026-10-08 13:49:55] [0m] Speed at iter 3300 (epoch 0.93): 677.84 iters/sec
[2026-10-08 13:49:56] [0m] Speed at iter 3400 (epoch 0.96): 680.94 iters/sec
[2026-10-08 13:49:56] [0m] Step  3500 | Epoch   0.99 | train loss 2.2208 | val loss 2.2235 | lr 5.91e-04
  Saved checkpoint to pt/yawl_word_1L1H_e28_untied_cuda (best val loss: 2.2235)
  Saved rolling checkpoint to pt/yawl_word_1L1H_e28_untied_cuda_rolling.pt (iter 3500, val 2.2235)
[2026-10-08 13:49:56] [0m] Speed at iter 3500 (epoch 0.99): 591.88 iters/sec
iter 3500: loss 2.1998, time 20.15ms, mfu 0.00%
[2026-10-08 13:49:56] [0m] Speed at iter 3600 (epoch 1.02): 677.92 iters/sec
[2026-10-08 13:49:56] [0m] Speed at iter 3700 (epoch 1.05): 653.77 iters/sec
[2026-10-08 13:49:56] [0m] Speed at iter 3800 (epoch 1.07): 685.82 iters/sec
[2026-10-08 13:49:56] [0m] Speed at iter 3900 (epoch 1.10): 689.53 iters/sec
[2026-10-08 13:49:57] [0m] Step  4000 | Epoch   1.13 | train loss 2.2016 | val loss 2.2175 | lr 5.84e-04
  Saved checkpoint to pt/yawl_word_1L1H_e28_untied_cuda (best val loss: 2.2175)
  Saved rolling checkpoint to pt/yawl_word_1L1H_e28_untied_cuda_rolling.pt (iter 4000, val 2.2175)
[2026-10-08 13:49:57] [0m] Speed at iter 4000 (epoch 1.13): 601.43 iters/sec
iter 4000: loss 2.1458, time 20.37ms, mfu 0.00%
[2026-10-08 13:49:57] [0m] Speed at iter 4100 (epoch 1.16): 667.77 iters/sec
[2026-10-08 13:49:57] [0m] Speed at iter 4200 (epoch 1.19): 684.19 iters/sec
[2026-10-08 13:49:57] [0m] Speed at iter 4300 (epoch 1.21): 669.93 iters/sec
[2026-10-08 13:49:57] [0m] Speed at iter 4400 (epoch 1.24): 657.80 iters/sec
[2026-10-08 13:49:57] [0m] Step  4500 | Epoch   1.27 | train loss 2.2249 | val loss 2.2030 | lr 5.75e-04
  Saved checkpoint to pt/yawl_word_1L1H_e28_untied_cuda (best val loss: 2.2030)
  Saved rolling checkpoint to pt/yawl_word_1L1H_e28_untied_cuda_rolling.pt (iter 4500, val 2.2030)
[2026-10-08 13:49:57] [0m] Speed at iter 4500 (epoch 1.27): 599.57 iters/sec
iter 4500: loss 2.1323, time 21.86ms, mfu 0.00%
[2026-10-08 13:49:57] [0m] Speed at iter 4600 (epoch 1.30): 683.56 iters/sec
[2026-10-08 13:49:58] [0m] Speed at iter 4700 (epoch 1.33): 679.16 iters/sec
[2026-10-08 13:49:58] [0m] Speed at iter 4800 (epoch 1.36): 665.01 iters/sec
[2026-10-08 13:49:58] [0m] Speed at iter 4900 (epoch 1.38): 686.85 iters/sec
[2026-10-08 13:49:58] [0m] Step  5000 | Epoch   1.41 | train loss 2.1986 | val loss 2.1932 | lr 5.64e-04
  Saved checkpoint to pt/yawl_word_1L1H_e28_untied_cuda (best val loss: 2.1932)
  Saved rolling checkpoint to pt/yawl_word_1L1H_e28_untied_cuda_rolling.pt (iter 5000, val 2.1932)
[2026-10-08 13:49:58] [0m] Saved periodic checkpoint to pt/yawl_word_1L1H_e28_untied_cuda_iter5000.pt (iter 5000, epoch 1.41)
[2026-10-08 13:49:58] [0m] Speed at iter 5000 (epoch 1.41): 576.11 iters/sec
iter 5000: loss 2.1577, time 23.25ms, mfu 0.00%
[2026-10-08 13:49:58] [0m] Speed at iter 5100 (epoch 1.44): 672.77 iters/sec
[2026-10-08 13:49:58] [0m] Speed at iter 5200 (epoch 1.47): 674.43 iters/sec
[2026-10-08 13:49:58] [0m] Speed at iter 5300 (epoch 1.50): 683.53 iters/sec
[2026-10-08 13:49:59] [0m] Speed at iter 5400 (epoch 1.53): 663.92 iters/sec
[2026-10-08 13:49:59] [0m] Step  5500 | Epoch   1.55 | train loss 2.1998 | val loss 2.1908 | lr 5.51e-04
  Saved checkpoint to pt/yawl_word_1L1H_e28_untied_cuda (best val loss: 2.1908)
  Saved rolling checkpoint to pt/yawl_word_1L1H_e28_untied_cuda_rolling.pt (iter 5500, val 2.1908)
[2026-10-08 13:49:59] [0m] Speed at iter 5500 (epoch 1.55): 575.55 iters/sec
iter 5500: loss 2.2163, time 20.43ms, mfu 0.00%
[2026-10-08 13:49:59] [0m] Speed at iter 5600 (epoch 1.58): 668.18 iters/sec
[2026-10-08 13:49:59] [0m] Speed at iter 5700 (epoch 1.61): 661.37 iters/sec
[2026-10-08 13:49:59] [0m] Speed at iter 5800 (epoch 1.64): 680.51 iters/sec
[2026-10-08 13:49:59] [0m] Speed at iter 5900 (epoch 1.67): 667.69 iters/sec
[2026-10-08 13:50:00] [0m] Step  6000 | Epoch   1.70 | train loss 2.1698 | val loss 2.1772 | lr 5.37e-04
  Saved checkpoint to pt/yawl_word_1L1H_e28_untied_cuda (best val loss: 2.1772)
  Saved rolling checkpoint to pt/yawl_word_1L1H_e28_untied_cuda_rolling.pt (iter 6000, val 2.1772)
[2026-10-08 13:50:00] [0m] Speed at iter 6000 (epoch 1.70): 589.58 iters/sec
iter 6000: loss 2.1752, time 20.36ms, mfu 0.00%
[2026-10-08 13:50:00] [0m] Speed at iter 6100 (epoch 1.72): 676.73 iters/sec
[2026-10-08 13:50:00] [0m] Speed at iter 6200 (epoch 1.75): 672.92 iters/sec
[2026-10-08 13:50:00] [0m] Speed at iter 6300 (epoch 1.78): 648.85 iters/sec
[2026-10-08 13:50:00] [0m] Speed at iter 6400 (epoch 1.81): 676.81 iters/sec
[2026-10-08 13:50:00] [0m] Step  6500 | Epoch   1.84 | train loss 2.1649 | val loss 2.1874 | lr 5.21e-04
  Saved rolling checkpoint to pt/yawl_word_1L1H_e28_untied_cuda_rolling.pt (iter 6500, val 2.1874)
[2026-10-08 13:50:00] [0m] Speed at iter 6500 (epoch 1.84): 605.07 iters/sec
iter 6500: loss 2.2177, time 18.53ms, mfu 0.00%
[2026-10-08 13:50:00] [0m] Speed at iter 6600 (epoch 1.86): 642.40 iters/sec
[2026-10-08 13:50:01] [0m] Speed at iter 6700 (epoch 1.89): 645.40 iters/sec
[2026-10-08 13:50:01] [0m] Speed at iter 6800 (epoch 1.92): 627.10 iters/sec
[2026-10-08 13:50:01] [0m] Speed at iter 6900 (epoch 1.95): 692.53 iters/sec
[2026-10-08 13:50:01] [0m] Step  7000 | Epoch   1.98 | train loss 2.1666 | val loss 2.1702 | lr 5.04e-04
  Saved checkpoint to pt/yawl_word_1L1H_e28_untied_cuda (best val loss: 2.1702)
  Saved rolling checkpoint to pt/yawl_word_1L1H_e28_untied_cuda_rolling.pt (iter 7000, val 2.1702)
[2026-10-08 13:50:01] [0m] Speed at iter 7000 (epoch 1.98): 574.62 iters/sec
iter 7000: loss 2.1593, time 22.18ms, mfu 0.00%
[2026-10-08 13:50:01] [0m] Speed at iter 7100 (epoch 2.01): 679.36 iters/sec
[2026-10-08 13:50:01] [0m] Speed at iter 7200 (epoch 2.03): 670.90 iters/sec
[2026-10-08 13:50:02] [0m] Speed at iter 7300 (epoch 2.06): 660.18 iters/sec
[2026-10-08 13:50:02] [0m] Speed at iter 7400 (epoch 2.09): 653.71 iters/sec
[2026-10-08 13:50:02] [0m] Step  7500 | Epoch   2.12 | train loss 2.1560 | val loss 2.1663 | lr 4.85e-04
  Saved checkpoint to pt/yawl_word_1L1H_e28_untied_cuda (best val loss: 2.1663)
  Saved rolling checkpoint to pt/yawl_word_1L1H_e28_untied_cuda_rolling.pt (iter 7500, val 2.1663)
[2026-10-08 13:50:02] [0m] Saved periodic checkpoint to pt/yawl_word_1L1H_e28_untied_cuda_iter7500.pt (iter 7500, epoch 2.12)
[2026-10-08 13:50:02] [0m] Speed at iter 7500 (epoch 2.12): 581.17 iters/sec
iter 7500: loss 2.2060, time 23.72ms, mfu 0.00%
[2026-10-08 13:50:02] [0m] Speed at iter 7600 (epoch 2.15): 647.85 iters/sec
[2026-10-08 13:50:02] [0m] Speed at iter 7700 (epoch 2.18): 682.65 iters/sec
[2026-10-08 13:50:02] [0m] Speed at iter 7800 (epoch 2.20): 678.49 iters/sec
[2026-10-08 13:50:02] [0m] Speed at iter 7900 (epoch 2.23): 673.67 iters/sec
[2026-10-08 13:50:03] [0m] Step  8000 | Epoch   2.26 | train loss 2.1458 | val loss 2.1579 | lr 4.65e-04
  Saved checkpoint to pt/yawl_word_1L1H_e28_untied_cuda (best val loss: 2.1579)
  Saved rolling checkpoint to pt/yawl_word_1L1H_e28_untied_cuda_rolling.pt (iter 8000, val 2.1579)
[2026-10-08 13:50:03] [0m] Speed at iter 8000 (epoch 2.26): 602.83 iters/sec
iter 8000: loss 2.1444, time 20.66ms, mfu 0.00%
[2026-10-08 13:50:03] [0m] Speed at iter 8100 (epoch 2.29): 640.82 iters/sec
[2026-10-08 13:50:03] [0m] Speed at iter 8200 (epoch 2.32): 646.06 iters/sec
[2026-10-08 13:50:03] [0m] Speed at iter 8300 (epoch 2.34): 611.77 iters/sec
[2026-10-08 13:50:03] [0m] Speed at iter 8400 (epoch 2.37): 610.51 iters/sec
[2026-10-08 13:50:03] [0m] Step  8500 | Epoch   2.40 | train loss 2.1541 | val loss 2.1530 | lr 4.44e-04
  Saved checkpoint to pt/yawl_word_1L1H_e28_untied_cuda (best val loss: 2.1530)
  Saved rolling checkpoint to pt/yawl_word_1L1H_e28_untied_cuda_rolling.pt (iter 8500, val 2.1530)
[2026-10-08 13:50:03] [0m] Speed at iter 8500 (epoch 2.40): 567.36 iters/sec
iter 8500: loss 2.1662, time 21.03ms, mfu 0.00%
[2026-10-08 13:50:04] [0m] Speed at iter 8600 (epoch 2.43): 648.36 iters/sec
[2026-10-08 13:50:04] [0m] Speed at iter 8700 (epoch 2.46): 620.06 iters/sec
[2026-10-08 13:50:04] [0m] Speed at iter 8800 (epoch 2.49): 617.89 iters/sec
[2026-10-08 13:50:04] [0m] Speed at iter 8900 (epoch 2.51): 637.12 iters/sec
[2026-10-08 13:50:04] [0m] Step  9000 | Epoch   2.54 | train loss 2.1329 | val loss 2.1394 | lr 4.22e-04
  Saved checkpoint to pt/yawl_word_1L1H_e28_untied_cuda (best val loss: 2.1394)
  Saved rolling checkpoint to pt/yawl_word_1L1H_e28_untied_cuda_rolling.pt (iter 9000, val 2.1394)
[2026-10-08 13:50:04] [0m] Speed at iter 9000 (epoch 2.54): 489.11 iters/sec
iter 9000: loss 2.0414, time 21.61ms, mfu 0.00%
[2026-10-08 13:50:04] [0m] Speed at iter 9100 (epoch 2.57): 631.30 iters/sec
[2026-10-08 13:50:05] [0m] Speed at iter 9200 (epoch 2.60): 584.61 iters/sec
[2026-10-08 13:50:05] [0m] Speed at iter 9300 (epoch 2.63): 534.93 iters/sec
[2026-10-08 13:50:05] [0m] Speed at iter 9400 (epoch 2.66): 589.39 iters/sec
[2026-10-08 13:50:05] [0m] Step  9500 | Epoch   2.68 | train loss 2.1469 | val loss 2.1483 | lr 4.00e-04
  Saved rolling checkpoint to pt/yawl_word_1L1H_e28_untied_cuda_rolling.pt (iter 9500, val 2.1483)
[2026-10-08 13:50:05] [0m] Speed at iter 9500 (epoch 2.68): 612.94 iters/sec
iter 9500: loss 2.1322, time 19.06ms, mfu 0.00%
[2026-10-08 13:50:05] [0m] Speed at iter 9600 (epoch 2.71): 648.97 iters/sec
[2026-10-08 13:50:05] [0m] Speed at iter 9700 (epoch 2.74): 658.39 iters/sec
[2026-10-08 13:50:06] [0m] Speed at iter 9800 (epoch 2.77): 671.46 iters/sec
[2026-10-08 13:50:06] [0m] Speed at iter 9900 (epoch 2.80): 713.20 iters/sec
[2026-10-08 13:50:06] [0m] Step 10000 | Epoch   2.83 | train loss 2.1316 | val loss 2.1428 | lr 3.77e-04
  Saved rolling checkpoint to pt/yawl_word_1L1H_e28_untied_cuda_rolling.pt (iter 10000, val 2.1428)
[2026-10-08 13:50:06] [0m] Saved periodic checkpoint to pt/yawl_word_1L1H_e28_untied_cuda_iter10000.pt (iter 10000, epoch 2.83)
[2026-10-08 13:50:06] [0m] Speed at iter 10000 (epoch 2.83): 597.64 iters/sec
iter 10000: loss 2.1070, time 20.28ms, mfu 0.00%
[2026-10-08 13:50:06] [0m] Speed at iter 10100 (epoch 2.85): 550.72 iters/sec
[2026-10-08 13:50:06] [0m] Speed at iter 10200 (epoch 2.88): 602.40 iters/sec
[2026-10-08 13:50:06] [0m] Speed at iter 10300 (epoch 2.91): 613.11 iters/sec
[2026-10-08 13:50:07] [0m] Speed at iter 10400 (epoch 2.94): 617.47 iters/sec
[2026-10-08 13:50:07] [0m] Step 10500 | Epoch   2.97 | train loss 2.1393 | val loss 2.1427 | lr 3.54e-04
  Saved rolling checkpoint to pt/yawl_word_1L1H_e28_untied_cuda_rolling.pt (iter 10500, val 2.1427)
[2026-10-08 13:50:07] [0m] Speed at iter 10500 (epoch 2.97): 593.50 iters/sec
iter 10500: loss 2.1003, time 18.73ms, mfu 0.00%
[2026-10-08 13:50:07] [0m] Speed at iter 10600 (epoch 2.99): 623.91 iters/sec
[2026-10-08 13:50:07] [0m] Speed at iter 10700 (epoch 3.02): 598.53 iters/sec
[2026-10-08 13:50:07] [0m] Speed at iter 10800 (epoch 3.05): 618.01 iters/sec
[2026-10-08 13:50:07] [0m] Speed at iter 10900 (epoch 3.08): 612.49 iters/sec
[2026-10-08 13:50:08] [0m] Step 11000 | Epoch   3.11 | train loss 2.1225 | val loss 2.1423 | lr 3.30e-04
  Saved rolling checkpoint to pt/yawl_word_1L1H_e28_untied_cuda_rolling.pt (iter 11000, val 2.1423)
[2026-10-08 13:50:08] [0m] Speed at iter 11000 (epoch 3.11): 576.65 iters/sec
iter 11000: loss 2.0779, time 19.62ms, mfu 0.00%
[2026-10-08 13:50:08] [0m] Speed at iter 11100 (epoch 3.14): 658.56 iters/sec
[2026-10-08 13:50:08] [0m] Speed at iter 11200 (epoch 3.16): 611.84 iters/sec
[2026-10-08 13:50:08] [0m] Speed at iter 11300 (epoch 3.19): 608.89 iters/sec
[2026-10-08 13:50:08] [0m] Speed at iter 11400 (epoch 3.22): 667.89 iters/sec
[2026-10-08 13:50:08] [0m] Step 11500 | Epoch   3.25 | train loss 2.1419 | val loss 2.1265 | lr 3.06e-04
  Saved checkpoint to pt/yawl_word_1L1H_e28_untied_cuda (best val loss: 2.1265)
  Saved rolling checkpoint to pt/yawl_word_1L1H_e28_untied_cuda_rolling.pt (iter 11500, val 2.1265)
[2026-10-08 13:50:08] [0m] Speed at iter 11500 (epoch 3.25): 601.31 iters/sec
iter 11500: loss 2.1207, time 20.69ms, mfu 0.00%
[2026-10-08 13:50:09] [0m] Speed at iter 11600 (epoch 3.28): 674.33 iters/sec
[2026-10-08 13:50:09] [0m] Speed at iter 11700 (epoch 3.31): 663.79 iters/sec
[2026-10-08 13:50:09] [0m] Speed at iter 11800 (epoch 3.33): 686.06 iters/sec
[2026-10-08 13:50:09] [0m] Speed at iter 11900 (epoch 3.36): 667.02 iters/sec
[2026-10-08 13:50:09] [0m] Step 12000 | Epoch   3.39 | train loss 2.1186 | val loss 2.1151 | lr 2.83e-04
  Saved checkpoint to pt/yawl_word_1L1H_e28_untied_cuda (best val loss: 2.1151)
  Saved rolling checkpoint to pt/yawl_word_1L1H_e28_untied_cuda_rolling.pt (iter 12000, val 2.1151)
[2026-10-08 13:50:09] [0m] Speed at iter 12000 (epoch 3.39): 584.63 iters/sec
iter 12000: loss 2.1034, time 23.25ms, mfu 0.00%
[2026-10-08 13:50:09] [0m] Speed at iter 12100 (epoch 3.42): 688.14 iters/sec
[2026-10-08 13:50:09] [0m] Speed at iter 12200 (epoch 3.45): 682.89 iters/sec
[2026-10-08 13:50:10] [0m] Speed at iter 12300 (epoch 3.47): 677.56 iters/sec
[2026-10-08 13:50:10] [0m] Speed at iter 12400 (epoch 3.50): 675.68 iters/sec
[2026-10-08 13:50:10] [0m] Step 12500 | Epoch   3.53 | train loss 2.1105 | val loss 2.0980 | lr 2.60e-04
  Saved checkpoint to pt/yawl_word_1L1H_e28_untied_cuda (best val loss: 2.0980)
  Saved rolling checkpoint to pt/yawl_word_1L1H_e28_untied_cuda_rolling.pt (iter 12500, val 2.0980)
[2026-10-08 13:50:10] [0m] Saved periodic checkpoint to pt/yawl_word_1L1H_e28_untied_cuda_iter12500.pt (iter 12500, epoch 3.53)
[2026-10-08 13:50:10] [0m] Speed at iter 12500 (epoch 3.53): 601.24 iters/sec
iter 12500: loss 2.0600, time 22.20ms, mfu 0.00%
[2026-10-08 13:50:10] [0m] Speed at iter 12600 (epoch 3.56): 654.29 iters/sec
[2026-10-08 13:50:10] [0m] Speed at iter 12700 (epoch 3.59): 671.20 iters/sec
[2026-10-08 13:50:10] [0m] Speed at iter 12800 (epoch 3.62): 676.19 iters/sec
[2026-10-08 13:50:11] [0m] Speed at iter 12900 (epoch 3.64): 682.09 iters/sec
[2026-10-08 13:50:11] [0m] Step 13000 | Epoch   3.67 | train loss 2.1111 | val loss 2.1347 | lr 2.38e-04
  Saved rolling checkpoint to pt/yawl_word_1L1H_e28_untied_cuda_rolling.pt (iter 13000, val 2.1347)
[2026-10-08 13:50:11] [0m] Speed at iter 13000 (epoch 3.67): 615.03 iters/sec
iter 13000: loss 2.1399, time 18.52ms, mfu 0.00%
[2026-10-08 13:50:11] [0m] Speed at iter 13100 (epoch 3.70): 677.93 iters/sec
[2026-10-08 13:50:11] [0m] Speed at iter 13200 (epoch 3.73): 669.16 iters/sec
[2026-10-08 13:50:11] [0m] Speed at iter 13300 (epoch 3.76): 650.36 iters/sec
[2026-10-08 13:50:11] [0m] Speed at iter 13400 (epoch 3.79): 680.11 iters/sec
[2026-10-08 13:50:11] [0m] Step 13500 | Epoch   3.81 | train loss 2.1125 | val loss 2.1239 | lr 2.16e-04
  Saved rolling checkpoint to pt/yawl_word_1L1H_e28_untied_cuda_rolling.pt (iter 13500, val 2.1239)
[2026-10-08 13:50:11] [0m] Speed at iter 13500 (epoch 3.81): 607.56 iters/sec
iter 13500: loss 2.0329, time 19.24ms, mfu 0.00%
[2026-10-08 13:50:12] [0m] Speed at iter 13600 (epoch 3.84): 672.38 iters/sec
[2026-10-08 13:50:12] [0m] Speed at iter 13700 (epoch 3.87): 633.71 iters/sec
[2026-10-08 13:50:12] [0m] Speed at iter 13800 (epoch 3.90): 587.24 iters/sec
[2026-10-08 13:50:12] [0m] Speed at iter 13900 (epoch 3.93): 629.75 iters/sec
[2026-10-08 13:50:12] [0m] Step 14000 | Epoch   3.96 | train loss 2.1146 | val loss 2.1127 | lr 1.95e-04
  Saved rolling checkpoint to pt/yawl_word_1L1H_e28_untied_cuda_rolling.pt (iter 14000, val 2.1127)
[2026-10-08 13:50:12] [0m] Speed at iter 14000 (epoch 3.96): 566.87 iters/sec
iter 14000: loss 2.1025, time 19.87ms, mfu 0.00%
[2026-10-08 13:50:12] [0m] Speed at iter 14100 (epoch 3.98): 628.43 iters/sec
[2026-10-08 13:50:13] [0m] Speed at iter 14200 (epoch 4.01): 618.33 iters/sec
[2026-10-08 13:50:13] [0m] Speed at iter 14300 (epoch 4.04): 596.49 iters/sec
[2026-10-08 13:50:13] [0m] Speed at iter 14400 (epoch 4.07): 650.61 iters/sec
[2026-10-08 13:50:13] [0m] Step 14500 | Epoch   4.10 | train loss 2.1147 | val loss 2.1148 | lr 1.75e-04
  Saved rolling checkpoint to pt/yawl_word_1L1H_e28_untied_cuda_rolling.pt (iter 14500, val 2.1148)
[2026-10-08 13:50:13] [0m] Speed at iter 14500 (epoch 4.10): 582.27 iters/sec
iter 14500: loss 2.0616, time 21.12ms, mfu 0.00%
[2026-10-08 13:50:13] [0m] Speed at iter 14600 (epoch 4.12): 652.75 iters/sec
[2026-10-08 13:50:13] [0m] Speed at iter 14700 (epoch 4.15): 665.50 iters/sec
[2026-10-08 13:50:14] [0m] Speed at iter 14800 (epoch 4.18): 627.22 iters/sec
[2026-10-08 13:50:14] [0m] Speed at iter 14900 (epoch 4.21): 621.68 iters/sec
[2026-10-08 13:50:14] [0m] Step 15000 | Epoch   4.24 | train loss 2.1082 | val loss 2.1087 | lr 1.56e-04
  Saved rolling checkpoint to pt/yawl_word_1L1H_e28_untied_cuda_rolling.pt (iter 15000, val 2.1087)
[2026-10-08 13:50:14] [0m] Saved periodic checkpoint to pt/yawl_word_1L1H_e28_untied_cuda_iter15000.pt (iter 15000, epoch 4.24)
[2026-10-08 13:50:14] [0m] Speed at iter 15000 (epoch 4.24): 566.32 iters/sec
iter 15000: loss 2.0436, time 21.01ms, mfu 0.00%
[2026-10-08 13:50:14] [0m] Speed at iter 15100 (epoch 4.27): 597.59 iters/sec
[2026-10-08 13:50:14] [0m] Speed at iter 15200 (epoch 4.29): 585.14 iters/sec
[2026-10-08 13:50:14] [0m] Speed at iter 15300 (epoch 4.32): 660.78 iters/sec
[2026-10-08 13:50:15] [0m] Speed at iter 15400 (epoch 4.35): 528.19 iters/sec
[2026-10-08 13:50:15] [0m] Step 15500 | Epoch   4.38 | train loss 2.0975 | val loss 2.1096 | lr 1.39e-04
  Saved rolling checkpoint to pt/yawl_word_1L1H_e28_untied_cuda_rolling.pt (iter 15500, val 2.1096)
[2026-10-08 13:50:15] [0m] Speed at iter 15500 (epoch 4.38): 535.24 iters/sec
iter 15500: loss 2.1743, time 19.04ms, mfu 0.00%
[2026-10-08 13:50:15] [0m] Speed at iter 15600 (epoch 4.41): 657.49 iters/sec
[2026-10-08 13:50:15] [0m] Speed at iter 15700 (epoch 4.44): 543.70 iters/sec
[2026-10-08 13:50:15] [0m] Speed at iter 15800 (epoch 4.46): 626.24 iters/sec
[2026-10-08 13:50:15] [0m] Speed at iter 15900 (epoch 4.49): 622.20 iters/sec
[2026-10-08 13:50:16] [0m] Step 16000 | Epoch   4.52 | train loss 2.1105 | val loss 2.1176 | lr 1.23e-04
  Saved rolling checkpoint to pt/yawl_word_1L1H_e28_untied_cuda_rolling.pt (iter 16000, val 2.1176)
[2026-10-08 13:50:16] [0m] Speed at iter 16000 (epoch 4.52): 605.22 iters/sec
iter 16000: loss 2.1190, time 19.04ms, mfu 0.00%
[2026-10-08 13:50:16] [0m] Speed at iter 16100 (epoch 4.55): 617.92 iters/sec
[2026-10-08 13:50:16] [0m] Speed at iter 16200 (epoch 4.58): 676.45 iters/sec
[2026-10-08 13:50:16] [0m] Speed at iter 16300 (epoch 4.60): 672.97 iters/sec
[2026-10-08 13:50:16] [0m] Speed at iter 16400 (epoch 4.63): 692.19 iters/sec
[2026-10-08 13:50:16] [0m] Step 16500 | Epoch   4.66 | train loss 2.1095 | val loss 2.1169 | lr 1.09e-04
  Saved rolling checkpoint to pt/yawl_word_1L1H_e28_untied_cuda_rolling.pt (iter 16500, val 2.1169)
[2026-10-08 13:50:16] [0m] Speed at iter 16500 (epoch 4.66): 575.14 iters/sec
iter 16500: loss 2.0872, time 20.92ms, mfu 0.00%
[2026-10-08 13:50:16] [0m] Speed at iter 16600 (epoch 4.69): 648.85 iters/sec
[2026-10-08 13:50:17] [0m] Speed at iter 16700 (epoch 4.72): 659.15 iters/sec
[2026-10-08 13:50:17] [0m] Speed at iter 16800 (epoch 4.75): 647.06 iters/sec
[2026-10-08 13:50:17] [0m] Speed at iter 16900 (epoch 4.77): 619.18 iters/sec
[2026-10-08 13:50:17] [0m] Step 17000 | Epoch   4.80 | train loss 2.1040 | val loss 2.1054 | lr 9.62e-05
  Saved rolling checkpoint to pt/yawl_word_1L1H_e28_untied_cuda_rolling.pt (iter 17000, val 2.1054)
[2026-10-08 13:50:17] [0m] Speed at iter 17000 (epoch 4.80): 581.81 iters/sec
iter 17000: loss 2.0853, time 18.77ms, mfu 0.00%
[2026-10-08 13:50:17] [0m] Speed at iter 17100 (epoch 4.83): 676.39 iters/sec
[2026-10-08 13:50:17] [0m] Speed at iter 17200 (epoch 4.86): 644.55 iters/sec
[2026-10-08 13:50:18] [0m] Speed at iter 17300 (epoch 4.89): 663.57 iters/sec
[2026-10-08 13:50:18] [0m] Speed at iter 17400 (epoch 4.92): 635.73 iters/sec
[2026-10-08 13:50:18] [0m] Step 17500 | Epoch   4.94 | train loss 2.0892 | val loss 2.0933 | lr 8.53e-05
  Saved checkpoint to pt/yawl_word_1L1H_e28_untied_cuda (best val loss: 2.0933)
  Saved rolling checkpoint to pt/yawl_word_1L1H_e28_untied_cuda_rolling.pt (iter 17500, val 2.0933)
[2026-10-08 13:50:18] [0m] Saved periodic checkpoint to pt/yawl_word_1L1H_e28_untied_cuda_iter17500.pt (iter 17500, epoch 4.94)
[2026-10-08 13:50:18] [0m] Speed at iter 17500 (epoch 4.94): 567.06 iters/sec
iter 17500: loss 2.1375, time 22.00ms, mfu 0.00%
[2026-10-08 13:50:18] [0m] Speed at iter 17600 (epoch 4.97): 607.48 iters/sec
[2026-10-08 13:50:18] [0m] Speed at iter 17700 (epoch 5.00): 599.95 iters/sec
[2026-10-08 13:50:18] [0m] Speed at iter 17800 (epoch 5.03): 551.74 iters/sec
[2026-10-08 13:50:19] [0m] Speed at iter 17900 (epoch 5.06): 572.69 iters/sec
[2026-10-08 13:50:19] [0m] Step 18000 | Epoch   5.09 | train loss 2.1054 | val loss 2.1045 | lr 7.63e-05
  Saved rolling checkpoint to pt/yawl_word_1L1H_e28_untied_cuda_rolling.pt (iter 18000, val 2.1045)
[2026-10-08 13:50:19] [0m] Speed at iter 18000 (epoch 5.09): 475.15 iters/sec
iter 18000: loss 2.1153, time 19.19ms, mfu 0.00%
[2026-10-08 13:50:19] [0m] Speed at iter 18100 (epoch 5.11): 610.95 iters/sec
[2026-10-08 13:50:19] [0m] Speed at iter 18200 (epoch 5.14): 610.65 iters/sec
[2026-10-08 13:50:19] [0m] Speed at iter 18300 (epoch 5.17): 713.84 iters/sec
[2026-10-08 13:50:19] [0m] Speed at iter 18400 (epoch 5.20): 670.49 iters/sec
[2026-10-08 13:50:20] [0m] Step 18500 | Epoch   5.23 | train loss 2.1160 | val loss 2.1237 | lr 6.92e-05
  Saved rolling checkpoint to pt/yawl_word_1L1H_e28_untied_cuda_rolling.pt (iter 18500, val 2.1237)
[2026-10-08 13:50:20] [0m] Speed at iter 18500 (epoch 5.23): 602.91 iters/sec
iter 18500: loss 2.1488, time 18.78ms, mfu 0.00%
[2026-10-08 13:50:20] [0m] Speed at iter 18600 (epoch 5.25): 639.59 iters/sec
[2026-10-08 13:50:20] [0m] Speed at iter 18700 (epoch 5.28): 629.00 iters/sec
[2026-10-08 13:50:20] [0m] Speed at iter 18800 (epoch 5.31): 638.57 iters/sec
[2026-10-08 13:50:20] [0m] Speed at iter 18900 (epoch 5.34): 626.96 iters/sec
[2026-10-08 13:50:20] [0m] Step 19000 | Epoch   5.37 | train loss 2.1026 | val loss 2.1051 | lr 6.41e-05
  Saved rolling checkpoint to pt/yawl_word_1L1H_e28_untied_cuda_rolling.pt (iter 19000, val 2.1051)
[2026-10-08 13:50:20] [0m] Speed at iter 19000 (epoch 5.37): 578.98 iters/sec
iter 19000: loss 2.1034, time 19.29ms, mfu 0.00%
[2026-10-08 13:50:21] [0m] Speed at iter 19100 (epoch 5.40): 560.80 iters/sec
[2026-10-08 13:50:21] [0m] Speed at iter 19200 (epoch 5.42): 620.55 iters/sec
[2026-10-08 13:50:21] [0m] Speed at iter 19300 (epoch 5.45): 706.46 iters/sec
[2026-10-08 13:50:21] [0m] Speed at iter 19400 (epoch 5.48): 649.60 iters/sec
[2026-10-08 13:50:21] [0m] Step 19500 | Epoch   5.51 | train loss 2.1115 | val loss 2.1032 | lr 6.10e-05
  Saved rolling checkpoint to pt/yawl_word_1L1H_e28_untied_cuda_rolling.pt (iter 19500, val 2.1032)
[2026-10-08 13:50:21] [0m] Speed at iter 19500 (epoch 5.51): 590.64 iters/sec
iter 19500: loss 2.0319, time 19.56ms, mfu 0.00%
[2026-10-08 13:50:21] [0m] Speed at iter 19600 (epoch 5.54): 662.98 iters/sec
[2026-10-08 13:50:22] [0m] Speed at iter 19700 (epoch 5.57): 613.02 iters/sec
[2026-10-08 13:50:22] [0m] Speed at iter 19800 (epoch 5.59): 642.53 iters/sec
[2026-10-08 13:50:22] [0m] Speed at iter 19900 (epoch 5.62): 560.14 iters/sec

[2026-10-08 13:50:22] [0m] Training complete!
Mode: word
Tokenizer: char
Attention type: softmax
Final iteration: 20000, Final epoch: 5.65
Best validation loss: 2.0933
[2026-10-08 13:50:22] Saving final model to pt/yawl_word_1L1H_e28_untied_cuda_final.pt
Final model saved to: pt/yawl_word_1L1H_e28_untied_cuda
============================================================

[2026-10-08 13:50:22] Final sample from trained model:
lickling
fagrafitat
rematorized
woor
discomolary
truintated
subsan
unnitiment
iattingles
remakes
hispings
reckars
zelphoble
telited
uncher
velators
suellisate
percropograism
sposed
keinspably

=== n_embd=28: finished at Thu Oct  8 01:50:23 PM EDT 2026 ===

========================================
=== n_embd=24: starting ===
  output: pt/yawl_word_1L1H_e24_untied_cuda.pt
  log:    terminal_logs/terminal_log_for_yawl_word_1L1H_e24_untied_cuda_2026_10_08_1349.txt
========================================
[2026-10-08 13:50:23] Using device: cuda
[2026-10-08 13:50:23] Seeded torch RNG with --seed 1337
[2026-10-08 13:50:23] Using precision: float32 (requested: float32)
[2026-10-08 13:50:23] Training mode: word
[2026-10-08 13:50:23] Reading input from txt_local/yawl_word_list_width_26.txt
[2026-10-08 13:50:23] Read 2,721,922 characters
[2026-10-08 13:50:23] Training char tokenizer...
CharTokenizer: Built vocabulary of 27 characters
[2026-10-08 13:50:23] Padding token ID: 27
[2026-10-08 13:50:23] Preparing word blocks from 264097 words...
[2026-10-08 13:50:24] Created 251710 word blocks
[2026-10-08 13:50:24] Skipped 12387 words (too long for block_size=17)
[2026-10-08 13:50:24] Training blocks: 226,539 (3,851,163 tokens)
[2026-10-08 13:50:24] Validation blocks: 25171
[2026-10-08 13:50:24] Saving tokenizer to pt/yawl_word_1L1H_e24_untied_cuda_meta.pkl
[2026-10-08 13:50:24] Initializing new model...
  Vocabulary size: 27 (+ 1 padding token = 28)
number of parameters: 0.01M (softmax attention, untied weights)
num decayed parameter tensors: 7, with 8,664 parameters
num non-decayed parameter tensors: 10, with 360 parameters
using fused AdamW: False

[2026-10-08 13:50:25] Starting training...
Command line: py/train.py --input txt_local/yawl_word_list_width_26.txt --output pt/yawl_word_1L1H_e24_untied_cuda --checkpoints_to pt --mode word --tokenizer char --untie_weights --n_layer 1 --n_head 1 --n_embd 24 --block_size 17 --max_iters 20000 --seed 1337 --no_fused --batch_size 64 --learning_rate 6e-4 --warmup_iters 2000 --dropout 0.0 --val_split 0.1 --precision float32 --eval_interval 500 --eval_iters 20 --save_interval 2500 --log_interval 500 --sample_interval 100000000

--- Mode and tokenizer ---
  mode:               word
  tokenizer:          char
  vocab_size:         27 (+ 1 padding = 28)
  padding token ID:   27
  attention type:     softmax
  precision:          float32
--- Architecture ---
  n_layer:            1
  n_head:             1
  n_embd:             24
  block_size:         17
  dropout:            0.0
  bias:               True  (LayerNorm + Linear bias)
  tie_weights:        False
  no_gelu:            False
  no_bias:            False
--- Training ---
  batch_size:         64
  grad_accum_steps:   1
  max_iters:          20000
  learning_rate:      6.00e-04 (target after warmup)
  min_lr (cosine):    6.00e-05
  warmup_iters:       2000
  weight_decay:       0.1 (decay tensors), 0.0 (no-decay tensors)  [hardcoded]
  betas:              (0.9, 0.95)  [hardcoded]
  grad_clip:          1.0  [hardcoded]
--- Data ---
  input:              txt_local/yawl_word_list_width_26.txt
  val_split:          0.1
--- Logging ---
  log_interval:       500
  eval_interval:      500
  eval_iters:         20
  save_interval:      2500
  sample_interval:    100000000
  sample_max_tokens:  128
--- Output ---
  output:             pt/yawl_word_1L1H_e24_untied_cuda
  checkpoints_to:     pt
  rolling_save:       pt/yawl_word_1L1H_e24_untied_cuda_rolling.pt (written every eval_interval)
============================================================
[2026-10-08 13:50:25] [0m] Step     0 | Epoch   0.00 | train loss 3.3356 | val loss 3.3347 | lr 0.00e+00
iter 0: loss 3.3316, time 185.14ms, mfu -100.00%
[2026-10-08 13:50:25] [0m] Speed at iter 100 (epoch 0.03): 282.07 iters/sec
[2026-10-08 13:50:25] [0m] Speed at iter 200 (epoch 0.06): 599.95 iters/sec
[2026-10-08 13:50:25] [0m] Speed at iter 300 (epoch 0.08): 637.59 iters/sec
[2026-10-08 13:50:25] [0m] Speed at iter 400 (epoch 0.11): 678.90 iters/sec
[2026-10-08 13:50:26] [0m] Step   500 | Epoch   0.14 | train loss 2.8588 | val loss 2.8607 | lr 1.50e-04
  Saved checkpoint to pt/yawl_word_1L1H_e24_untied_cuda (best val loss: 2.8607)
  Saved rolling checkpoint to pt/yawl_word_1L1H_e24_untied_cuda_rolling.pt (iter 500, val 2.8607)
[2026-10-08 13:50:26] [0m] Speed at iter 500 (epoch 0.14): 580.38 iters/sec
iter 500: loss 2.8690, time 20.36ms, mfu 0.00%
[2026-10-08 13:50:26] [0m] Speed at iter 600 (epoch 0.17): 578.87 iters/sec
[2026-10-08 13:50:26] [0m] Speed at iter 700 (epoch 0.20): 635.26 iters/sec
[2026-10-08 13:50:26] [0m] Speed at iter 800 (epoch 0.23): 644.12 iters/sec
[2026-10-08 13:50:26] [0m] Speed at iter 900 (epoch 0.25): 707.19 iters/sec
[2026-10-08 13:50:26] [0m] Step  1000 | Epoch   0.28 | train loss 2.4827 | val loss 2.4642 | lr 3.00e-04
  Saved checkpoint to pt/yawl_word_1L1H_e24_untied_cuda (best val loss: 2.4642)
  Saved rolling checkpoint to pt/yawl_word_1L1H_e24_untied_cuda_rolling.pt (iter 1000, val 2.4642)
[2026-10-08 13:50:26] [0m] Speed at iter 1000 (epoch 0.28): 617.29 iters/sec
iter 1000: loss 2.4702, time 20.92ms, mfu 0.00%
[2026-10-08 13:50:27] [0m] Speed at iter 1100 (epoch 0.31): 632.53 iters/sec
[2026-10-08 13:50:27] [0m] Speed at iter 1200 (epoch 0.34): 641.68 iters/sec
[2026-10-08 13:50:27] [0m] Speed at iter 1300 (epoch 0.37): 655.75 iters/sec
[2026-10-08 13:50:27] [0m] Speed at iter 1400 (epoch 0.40): 708.69 iters/sec
[2026-10-08 13:50:27] [0m] Step  1500 | Epoch   0.42 | train loss 2.3670 | val loss 2.3618 | lr 4.50e-04
  Saved checkpoint to pt/yawl_word_1L1H_e24_untied_cuda (best val loss: 2.3618)
  Saved rolling checkpoint to pt/yawl_word_1L1H_e24_untied_cuda_rolling.pt (iter 1500, val 2.3618)
[2026-10-08 13:50:27] [0m] Speed at iter 1500 (epoch 0.42): 582.16 iters/sec
iter 1500: loss 2.3271, time 21.07ms, mfu 0.00%
[2026-10-08 13:50:27] [0m] Speed at iter 1600 (epoch 0.45): 535.95 iters/sec
[2026-10-08 13:50:28] [0m] Speed at iter 1700 (epoch 0.48): 594.58 iters/sec
[2026-10-08 13:50:28] [0m] Speed at iter 1800 (epoch 0.51): 642.72 iters/sec
[2026-10-08 13:50:28] [0m] Speed at iter 1900 (epoch 0.54): 684.73 iters/sec
[2026-10-08 13:50:28] [0m] Step  2000 | Epoch   0.57 | train loss 2.3118 | val loss 2.3274 | lr 6.00e-04
  Saved checkpoint to pt/yawl_word_1L1H_e24_untied_cuda (best val loss: 2.3274)
  Saved rolling checkpoint to pt/yawl_word_1L1H_e24_untied_cuda_rolling.pt (iter 2000, val 2.3274)
[2026-10-08 13:50:28] [0m] Speed at iter 2000 (epoch 0.57): 591.02 iters/sec
iter 2000: loss 2.3312, time 22.31ms, mfu 0.00%
[2026-10-08 13:50:28] [0m] Speed at iter 2100 (epoch 0.59): 595.93 iters/sec
[2026-10-08 13:50:28] [0m] Speed at iter 2200 (epoch 0.62): 584.68 iters/sec
[2026-10-08 13:50:28] [0m] Speed at iter 2300 (epoch 0.65): 637.76 iters/sec
[2026-10-08 13:50:29] [0m] Speed at iter 2400 (epoch 0.68): 581.13 iters/sec
[2026-10-08 13:50:29] [0m] Step  2500 | Epoch   0.71 | train loss 2.3048 | val loss 2.3046 | lr 5.99e-04
  Saved checkpoint to pt/yawl_word_1L1H_e24_untied_cuda (best val loss: 2.3046)
  Saved rolling checkpoint to pt/yawl_word_1L1H_e24_untied_cuda_rolling.pt (iter 2500, val 2.3046)
[2026-10-08 13:50:29] [0m] Saved periodic checkpoint to pt/yawl_word_1L1H_e24_untied_cuda_iter2500.pt (iter 2500, epoch 0.71)
[2026-10-08 13:50:29] [0m] Speed at iter 2500 (epoch 0.71): 545.06 iters/sec
iter 2500: loss 2.2991, time 21.93ms, mfu 0.00%
[2026-10-08 13:50:29] [0m] Speed at iter 2600 (epoch 0.73): 600.37 iters/sec
[2026-10-08 13:50:29] [0m] Speed at iter 2700 (epoch 0.76): 655.21 iters/sec
[2026-10-08 13:50:29] [0m] Speed at iter 2800 (epoch 0.79): 708.17 iters/sec
[2026-10-08 13:50:29] [0m] Speed at iter 2900 (epoch 0.82): 683.58 iters/sec
[2026-10-08 13:50:30] [0m] Step  3000 | Epoch   0.85 | train loss 2.2626 | val loss 2.2530 | lr 5.96e-04
  Saved checkpoint to pt/yawl_word_1L1H_e24_untied_cuda (best val loss: 2.2530)
  Saved rolling checkpoint to pt/yawl_word_1L1H_e24_untied_cuda_rolling.pt (iter 3000, val 2.2530)
[2026-10-08 13:50:30] [0m] Speed at iter 3000 (epoch 0.85): 592.25 iters/sec
iter 3000: loss 2.2163, time 20.36ms, mfu 0.00%
[2026-10-08 13:50:30] [0m] Speed at iter 3100 (epoch 0.88): 632.68 iters/sec
[2026-10-08 13:50:30] [0m] Speed at iter 3200 (epoch 0.90): 680.83 iters/sec
[2026-10-08 13:50:30] [0m] Speed at iter 3300 (epoch 0.93): 549.03 iters/sec
[2026-10-08 13:50:30] [0m] Speed at iter 3400 (epoch 0.96): 580.33 iters/sec
[2026-10-08 13:50:30] [0m] Step  3500 | Epoch   0.99 | train loss 2.2393 | val loss 2.2443 | lr 5.91e-04
  Saved checkpoint to pt/yawl_word_1L1H_e24_untied_cuda (best val loss: 2.2443)
  Saved rolling checkpoint to pt/yawl_word_1L1H_e24_untied_cuda_rolling.pt (iter 3500, val 2.2443)
[2026-10-08 13:50:30] [0m] Speed at iter 3500 (epoch 0.99): 537.88 iters/sec
iter 3500: loss 2.2614, time 22.15ms, mfu 0.00%
[2026-10-08 13:50:31] [0m] Speed at iter 3600 (epoch 1.02): 619.76 iters/sec
[2026-10-08 13:50:31] [0m] Speed at iter 3700 (epoch 1.05): 546.72 iters/sec
[2026-10-08 13:50:31] [0m] Speed at iter 3800 (epoch 1.07): 531.10 iters/sec
[2026-10-08 13:50:31] [0m] Speed at iter 3900 (epoch 1.10): 457.40 iters/sec
[2026-10-08 13:50:31] [0m] Step  4000 | Epoch   1.13 | train loss 2.2217 | val loss 2.2510 | lr 5.84e-04
  Saved rolling checkpoint to pt/yawl_word_1L1H_e24_untied_cuda_rolling.pt (iter 4000, val 2.2510)
[2026-10-08 13:50:31] [0m] Speed at iter 4000 (epoch 1.13): 576.77 iters/sec
iter 4000: loss 2.2741, time 18.85ms, mfu 0.00%
[2026-10-08 13:50:32] [0m] Speed at iter 4100 (epoch 1.16): 602.55 iters/sec
[2026-10-08 13:50:32] [0m] Speed at iter 4200 (epoch 1.19): 591.57 iters/sec
[2026-10-08 13:50:32] [0m] Speed at iter 4300 (epoch 1.21): 576.05 iters/sec
[2026-10-08 13:50:32] [0m] Speed at iter 4400 (epoch 1.24): 599.32 iters/sec
[2026-10-08 13:50:32] [0m] Step  4500 | Epoch   1.27 | train loss 2.2193 | val loss 2.2168 | lr 5.75e-04
  Saved checkpoint to pt/yawl_word_1L1H_e24_untied_cuda (best val loss: 2.2168)
  Saved rolling checkpoint to pt/yawl_word_1L1H_e24_untied_cuda_rolling.pt (iter 4500, val 2.2168)
[2026-10-08 13:50:32] [0m] Speed at iter 4500 (epoch 1.27): 534.99 iters/sec
iter 4500: loss 2.1952, time 23.55ms, mfu 0.00%
[2026-10-08 13:50:32] [0m] Speed at iter 4600 (epoch 1.30): 620.87 iters/sec
[2026-10-08 13:50:33] [0m] Speed at iter 4700 (epoch 1.33): 647.07 iters/sec
[2026-10-08 13:50:33] [0m] Speed at iter 4800 (epoch 1.36): 680.86 iters/sec
[2026-10-08 13:50:33] [0m] Speed at iter 4900 (epoch 1.38): 683.55 iters/sec
[2026-10-08 13:50:33] [0m] Step  5000 | Epoch   1.41 | train loss 2.2089 | val loss 2.2173 | lr 5.64e-04
  Saved rolling checkpoint to pt/yawl_word_1L1H_e24_untied_cuda_rolling.pt (iter 5000, val 2.2173)
[2026-10-08 13:50:33] [0m] Saved periodic checkpoint to pt/yawl_word_1L1H_e24_untied_cuda_iter5000.pt (iter 5000, epoch 1.41)
[2026-10-08 13:50:33] [0m] Speed at iter 5000 (epoch 1.41): 558.85 iters/sec
iter 5000: loss 2.1991, time 23.23ms, mfu 0.00%
[2026-10-08 13:50:33] [0m] Speed at iter 5100 (epoch 1.44): 649.90 iters/sec
[2026-10-08 13:50:33] [0m] Speed at iter 5200 (epoch 1.47): 692.51 iters/sec
[2026-10-08 13:50:33] [0m] Speed at iter 5300 (epoch 1.50): 667.30 iters/sec
[2026-10-08 13:50:34] [0m] Speed at iter 5400 (epoch 1.53): 644.77 iters/sec
[2026-10-08 13:50:34] [0m] Step  5500 | Epoch   1.55 | train loss 2.2050 | val loss 2.2074 | lr 5.51e-04
  Saved checkpoint to pt/yawl_word_1L1H_e24_untied_cuda (best val loss: 2.2074)
  Saved rolling checkpoint to pt/yawl_word_1L1H_e24_untied_cuda_rolling.pt (iter 5500, val 2.2074)
[2026-10-08 13:50:34] [0m] Speed at iter 5500 (epoch 1.55): 576.77 iters/sec
iter 5500: loss 2.1650, time 20.81ms, mfu 0.00%
[2026-10-08 13:50:34] [0m] Speed at iter 5600 (epoch 1.58): 604.72 iters/sec
[2026-10-08 13:50:34] [0m] Speed at iter 5700 (epoch 1.61): 625.46 iters/sec
[2026-10-08 13:50:34] [0m] Speed at iter 5800 (epoch 1.64): 635.14 iters/sec
[2026-10-08 13:50:34] [0m] Speed at iter 5900 (epoch 1.67): 470.25 iters/sec
[2026-10-08 13:50:35] [0m] Step  6000 | Epoch   1.70 | train loss 2.1926 | val loss 2.1969 | lr 5.37e-04
  Saved checkpoint to pt/yawl_word_1L1H_e24_untied_cuda (best val loss: 2.1969)
  Saved rolling checkpoint to pt/yawl_word_1L1H_e24_untied_cuda_rolling.pt (iter 6000, val 2.1969)
[2026-10-08 13:50:35] [0m] Speed at iter 6000 (epoch 1.70): 531.35 iters/sec
iter 6000: loss 2.2441, time 22.28ms, mfu 0.00%
[2026-10-08 13:50:35] [0m] Speed at iter 6100 (epoch 1.72): 647.99 iters/sec
[2026-10-08 13:50:35] [0m] Speed at iter 6200 (epoch 1.75): 622.79 iters/sec
[2026-10-08 13:50:35] [0m] Speed at iter 6300 (epoch 1.78): 609.73 iters/sec
[2026-10-08 13:50:35] [0m] Speed at iter 6400 (epoch 1.81): 660.58 iters/sec
[2026-10-08 13:50:35] [0m] Step  6500 | Epoch   1.84 | train loss 2.1625 | val loss 2.1986 | lr 5.21e-04
  Saved rolling checkpoint to pt/yawl_word_1L1H_e24_untied_cuda_rolling.pt (iter 6500, val 2.1986)
[2026-10-08 13:50:35] [0m] Speed at iter 6500 (epoch 1.84): 595.55 iters/sec
iter 6500: loss 2.1405, time 18.63ms, mfu 0.00%
[2026-10-08 13:50:36] [0m] Speed at iter 6600 (epoch 1.86): 560.65 iters/sec
[2026-10-08 13:50:36] [0m] Speed at iter 6700 (epoch 1.89): 613.41 iters/sec
[2026-10-08 13:50:36] [0m] Speed at iter 6800 (epoch 1.92): 666.49 iters/sec
[2026-10-08 13:50:36] [0m] Speed at iter 6900 (epoch 1.95): 564.73 iters/sec
[2026-10-08 13:50:36] [0m] Step  7000 | Epoch   1.98 | train loss 2.1732 | val loss 2.1688 | lr 5.04e-04
  Saved checkpoint to pt/yawl_word_1L1H_e24_untied_cuda (best val loss: 2.1688)
  Saved rolling checkpoint to pt/yawl_word_1L1H_e24_untied_cuda_rolling.pt (iter 7000, val 2.1688)
[2026-10-08 13:50:36] [0m] Speed at iter 7000 (epoch 1.98): 568.99 iters/sec
iter 7000: loss 2.2399, time 20.29ms, mfu 0.00%
[2026-10-08 13:50:36] [0m] Speed at iter 7100 (epoch 2.01): 635.84 iters/sec
[2026-10-08 13:50:37] [0m] Speed at iter 7200 (epoch 2.03): 686.37 iters/sec
[2026-10-08 13:50:37] [0m] Speed at iter 7300 (epoch 2.06): 644.96 iters/sec
[2026-10-08 13:50:37] [0m] Speed at iter 7400 (epoch 2.09): 540.24 iters/sec
[2026-10-08 13:50:37] [0m] Step  7500 | Epoch   2.12 | train loss 2.1699 | val loss 2.1783 | lr 4.85e-04
  Saved rolling checkpoint to pt/yawl_word_1L1H_e24_untied_cuda_rolling.pt (iter 7500, val 2.1783)
[2026-10-08 13:50:37] [0m] Saved periodic checkpoint to pt/yawl_word_1L1H_e24_untied_cuda_iter7500.pt (iter 7500, epoch 2.12)
[2026-10-08 13:50:37] [0m] Speed at iter 7500 (epoch 2.12): 460.88 iters/sec
iter 7500: loss 2.1116, time 20.21ms, mfu 0.00%
[2026-10-08 13:50:37] [0m] Speed at iter 7600 (epoch 2.15): 696.52 iters/sec
[2026-10-08 13:50:37] [0m] Speed at iter 7700 (epoch 2.18): 635.40 iters/sec
[2026-10-08 13:50:38] [0m] Speed at iter 7800 (epoch 2.20): 673.51 iters/sec
[2026-10-08 13:50:38] [0m] Speed at iter 7900 (epoch 2.23): 689.90 iters/sec
[2026-10-08 13:50:38] [0m] Step  8000 | Epoch   2.26 | train loss 2.1776 | val loss 2.1692 | lr 4.65e-04
  Saved rolling checkpoint to pt/yawl_word_1L1H_e24_untied_cuda_rolling.pt (iter 8000, val 2.1692)
[2026-10-08 13:50:38] [0m] Speed at iter 8000 (epoch 2.26): 607.38 iters/sec
iter 8000: loss 2.1573, time 20.46ms, mfu 0.00%
[2026-10-08 13:50:38] [0m] Speed at iter 8100 (epoch 2.29): 651.41 iters/sec
[2026-10-08 13:50:38] [0m] Speed at iter 8200 (epoch 2.32): 676.09 iters/sec
[2026-10-08 13:50:38] [0m] Speed at iter 8300 (epoch 2.34): 681.21 iters/sec
[2026-10-08 13:50:39] [0m] Speed at iter 8400 (epoch 2.37): 686.30 iters/sec
[2026-10-08 13:50:39] [0m] Step  8500 | Epoch   2.40 | train loss 2.1739 | val loss 2.1818 | lr 4.44e-04
  Saved rolling checkpoint to pt/yawl_word_1L1H_e24_untied_cuda_rolling.pt (iter 8500, val 2.1818)
[2026-10-08 13:50:39] [0m] Speed at iter 8500 (epoch 2.40): 613.30 iters/sec
iter 8500: loss 2.2228, time 19.13ms, mfu 0.00%
[2026-10-08 13:50:39] [0m] Speed at iter 8600 (epoch 2.43): 684.90 iters/sec
[2026-10-08 13:50:39] [0m] Speed at iter 8700 (epoch 2.46): 669.23 iters/sec
[2026-10-08 13:50:39] [0m] Speed at iter 8800 (epoch 2.49): 646.27 iters/sec
[2026-10-08 13:50:39] [0m] Speed at iter 8900 (epoch 2.51): 685.18 iters/sec
[2026-10-08 13:50:39] [0m] Step  9000 | Epoch   2.54 | train loss 2.1593 | val loss 2.1633 | lr 4.22e-04
  Saved checkpoint to pt/yawl_word_1L1H_e24_untied_cuda (best val loss: 2.1633)
  Saved rolling checkpoint to pt/yawl_word_1L1H_e24_untied_cuda_rolling.pt (iter 9000, val 2.1633)
[2026-10-08 13:50:39] [0m] Speed at iter 9000 (epoch 2.54): 599.19 iters/sec
iter 9000: loss 2.1195, time 20.28ms, mfu 0.00%
[2026-10-08 13:50:40] [0m] Speed at iter 9100 (epoch 2.57): 677.91 iters/sec
[2026-10-08 13:50:40] [0m] Speed at iter 9200 (epoch 2.60): 679.41 iters/sec
[2026-10-08 13:50:40] [0m] Speed at iter 9300 (epoch 2.63): 682.83 iters/sec
[2026-10-08 13:50:40] [0m] Speed at iter 9400 (epoch 2.66): 653.47 iters/sec
[2026-10-08 13:50:40] [0m] Step  9500 | Epoch   2.68 | train loss 2.1636 | val loss 2.1681 | lr 4.00e-04
  Saved rolling checkpoint to pt/yawl_word_1L1H_e24_untied_cuda_rolling.pt (iter 9500, val 2.1681)
[2026-10-08 13:50:40] [0m] Speed at iter 9500 (epoch 2.68): 604.90 iters/sec
iter 9500: loss 2.1052, time 18.77ms, mfu 0.00%
[2026-10-08 13:50:40] [0m] Speed at iter 9600 (epoch 2.71): 688.90 iters/sec
[2026-10-08 13:50:41] [0m] Speed at iter 9700 (epoch 2.74): 682.10 iters/sec
[2026-10-08 13:50:41] [0m] Speed at iter 9800 (epoch 2.77): 682.96 iters/sec
[2026-10-08 13:50:41] [0m] Speed at iter 9900 (epoch 2.80): 684.68 iters/sec
[2026-10-08 13:50:41] [0m] Step 10000 | Epoch   2.83 | train loss 2.1442 | val loss 2.1746 | lr 3.77e-04
  Saved rolling checkpoint to pt/yawl_word_1L1H_e24_untied_cuda_rolling.pt (iter 10000, val 2.1746)
[2026-10-08 13:50:41] [0m] Saved periodic checkpoint to pt/yawl_word_1L1H_e24_untied_cuda_iter10000.pt (iter 10000, epoch 2.83)
[2026-10-08 13:50:41] [0m] Speed at iter 10000 (epoch 2.83): 587.65 iters/sec
iter 10000: loss 2.1168, time 20.40ms, mfu 0.00%
[2026-10-08 13:50:41] [0m] Speed at iter 10100 (epoch 2.85): 672.44 iters/sec
[2026-10-08 13:50:41] [0m] Speed at iter 10200 (epoch 2.88): 677.74 iters/sec
[2026-10-08 13:50:41] [0m] Speed at iter 10300 (epoch 2.91): 682.91 iters/sec
[2026-10-08 13:50:42] [0m] Speed at iter 10400 (epoch 2.94): 688.43 iters/sec
[2026-10-08 13:50:42] [0m] Step 10500 | Epoch   2.97 | train loss 2.1549 | val loss 2.1483 | lr 3.54e-04
  Saved checkpoint to pt/yawl_word_1L1H_e24_untied_cuda (best val loss: 2.1483)
  Saved rolling checkpoint to pt/yawl_word_1L1H_e24_untied_cuda_rolling.pt (iter 10500, val 2.1483)
[2026-10-08 13:50:42] [0m] Speed at iter 10500 (epoch 2.97): 595.54 iters/sec
iter 10500: loss 2.1873, time 22.06ms, mfu 0.00%
[2026-10-08 13:50:42] [0m] Speed at iter 10600 (epoch 2.99): 665.49 iters/sec
[2026-10-08 13:50:42] [0m] Speed at iter 10700 (epoch 3.02): 674.32 iters/sec
[2026-10-08 13:50:42] [0m] Speed at iter 10800 (epoch 3.05): 659.97 iters/sec
[2026-10-08 13:50:42] [0m] Speed at iter 10900 (epoch 3.08): 684.27 iters/sec
[2026-10-08 13:50:42] [0m] Step 11000 | Epoch   3.11 | train loss 2.1416 | val loss 2.1538 | lr 3.30e-04
  Saved rolling checkpoint to pt/yawl_word_1L1H_e24_untied_cuda_rolling.pt (iter 11000, val 2.1538)
[2026-10-08 13:50:42] [0m] Speed at iter 11000 (epoch 3.11): 605.76 iters/sec
iter 11000: loss 2.1620, time 19.40ms, mfu 0.00%
[2026-10-08 13:50:43] [0m] Speed at iter 11100 (epoch 3.14): 681.67 iters/sec
[2026-10-08 13:50:43] [0m] Speed at iter 11200 (epoch 3.16): 678.47 iters/sec
[2026-10-08 13:50:43] [0m] Speed at iter 11300 (epoch 3.19): 688.23 iters/sec
[2026-10-08 13:50:43] [0m] Speed at iter 11400 (epoch 3.22): 669.40 iters/sec
[2026-10-08 13:50:43] [0m] Step 11500 | Epoch   3.25 | train loss 2.1274 | val loss 2.1550 | lr 3.06e-04
  Saved rolling checkpoint to pt/yawl_word_1L1H_e24_untied_cuda_rolling.pt (iter 11500, val 2.1550)
[2026-10-08 13:50:43] [0m] Speed at iter 11500 (epoch 3.25): 602.34 iters/sec
iter 11500: loss 2.1800, time 18.37ms, mfu 0.00%
[2026-10-08 13:50:43] [0m] Speed at iter 11600 (epoch 3.28): 683.84 iters/sec
[2026-10-08 13:50:44] [0m] Speed at iter 11700 (epoch 3.31): 681.85 iters/sec
[2026-10-08 13:50:44] [0m] Speed at iter 11800 (epoch 3.33): 676.23 iters/sec
[2026-10-08 13:50:44] [0m] Speed at iter 11900 (epoch 3.36): 679.08 iters/sec
[2026-10-08 13:50:44] [0m] Step 12000 | Epoch   3.39 | train loss 2.1361 | val loss 2.1469 | lr 2.83e-04
  Saved checkpoint to pt/yawl_word_1L1H_e24_untied_cuda (best val loss: 2.1469)
  Saved rolling checkpoint to pt/yawl_word_1L1H_e24_untied_cuda_rolling.pt (iter 12000, val 2.1469)
[2026-10-08 13:50:44] [0m] Speed at iter 12000 (epoch 3.39): 586.31 iters/sec
iter 12000: loss 2.1778, time 22.21ms, mfu 0.00%
[2026-10-08 13:50:44] [0m] Speed at iter 12100 (epoch 3.42): 673.16 iters/sec
[2026-10-08 13:50:44] [0m] Speed at iter 12200 (epoch 3.45): 669.37 iters/sec
[2026-10-08 13:50:44] [0m] Speed at iter 12300 (epoch 3.47): 684.25 iters/sec
[2026-10-08 13:50:45] [0m] Speed at iter 12400 (epoch 3.50): 687.53 iters/sec
[2026-10-08 13:50:45] [0m] Step 12500 | Epoch   3.53 | train loss 2.1503 | val loss 2.1641 | lr 2.60e-04
  Saved rolling checkpoint to pt/yawl_word_1L1H_e24_untied_cuda_rolling.pt (iter 12500, val 2.1641)
[2026-10-08 13:50:45] [0m] Saved periodic checkpoint to pt/yawl_word_1L1H_e24_untied_cuda_iter12500.pt (iter 12500, epoch 3.53)
[2026-10-08 13:50:45] [0m] Speed at iter 12500 (epoch 3.53): 554.62 iters/sec
iter 12500: loss 2.2069, time 20.62ms, mfu 0.00%
[2026-10-08 13:50:45] [0m] Speed at iter 12600 (epoch 3.56): 544.34 iters/sec
[2026-10-08 13:50:45] [0m] Speed at iter 12700 (epoch 3.59): 570.46 iters/sec
[2026-10-08 13:50:45] [0m] Speed at iter 12800 (epoch 3.62): 604.46 iters/sec
[2026-10-08 13:50:45] [0m] Speed at iter 12900 (epoch 3.64): 611.68 iters/sec
[2026-10-08 13:50:46] [0m] Step 13000 | Epoch   3.67 | train loss 2.1491 | val loss 2.1431 | lr 2.38e-04
  Saved checkpoint to pt/yawl_word_1L1H_e24_untied_cuda (best val loss: 2.1431)
  Saved rolling checkpoint to pt/yawl_word_1L1H_e24_untied_cuda_rolling.pt (iter 13000, val 2.1431)
[2026-10-08 13:50:46] [0m] Speed at iter 13000 (epoch 3.67): 540.67 iters/sec
iter 13000: loss 2.1715, time 23.67ms, mfu 0.00%
[2026-10-08 13:50:46] [0m] Speed at iter 13100 (epoch 3.70): 632.56 iters/sec
[2026-10-08 13:50:46] [0m] Speed at iter 13200 (epoch 3.73): 655.18 iters/sec
[2026-10-08 13:50:46] [0m] Speed at iter 13300 (epoch 3.76): 574.28 iters/sec
[2026-10-08 13:50:46] [0m] Speed at iter 13400 (epoch 3.79): 630.57 iters/sec
[2026-10-08 13:50:46] [0m] Step 13500 | Epoch   3.81 | train loss 2.1615 | val loss 2.1483 | lr 2.16e-04
  Saved rolling checkpoint to pt/yawl_word_1L1H_e24_untied_cuda_rolling.pt (iter 13500, val 2.1483)
[2026-10-08 13:50:46] [0m] Speed at iter 13500 (epoch 3.81): 583.49 iters/sec
iter 13500: loss 2.1615, time 18.80ms, mfu 0.00%
[2026-10-08 13:50:47] [0m] Speed at iter 13600 (epoch 3.84): 599.90 iters/sec
[2026-10-08 13:50:47] [0m] Speed at iter 13700 (epoch 3.87): 638.49 iters/sec
[2026-10-08 13:50:47] [0m] Speed at iter 13800 (epoch 3.90): 647.06 iters/sec
[2026-10-08 13:50:47] [0m] Speed at iter 13900 (epoch 3.93): 612.50 iters/sec
[2026-10-08 13:50:47] [0m] Step 14000 | Epoch   3.96 | train loss 2.1565 | val loss 2.1416 | lr 1.95e-04
  Saved checkpoint to pt/yawl_word_1L1H_e24_untied_cuda (best val loss: 2.1416)
  Saved rolling checkpoint to pt/yawl_word_1L1H_e24_untied_cuda_rolling.pt (iter 14000, val 2.1416)
[2026-10-08 13:50:47] [0m] Speed at iter 14000 (epoch 3.96): 555.84 iters/sec
iter 14000: loss 2.1684, time 21.59ms, mfu 0.00%
[2026-10-08 13:50:47] [0m] Speed at iter 14100 (epoch 3.98): 589.30 iters/sec
[2026-10-08 13:50:48] [0m] Speed at iter 14200 (epoch 4.01): 579.37 iters/sec
[2026-10-08 13:50:48] [0m] Speed at iter 14300 (epoch 4.04): 656.47 iters/sec
[2026-10-08 13:50:48] [0m] Speed at iter 14400 (epoch 4.07): 588.59 iters/sec
[2026-10-08 13:50:48] [0m] Step 14500 | Epoch   4.10 | train loss 2.1250 | val loss 2.1497 | lr 1.75e-04
  Saved rolling checkpoint to pt/yawl_word_1L1H_e24_untied_cuda_rolling.pt (iter 14500, val 2.1497)
[2026-10-08 13:50:48] [0m] Speed at iter 14500 (epoch 4.10): 554.58 iters/sec
iter 14500: loss 2.1625, time 19.37ms, mfu 0.00%
[2026-10-08 13:50:48] [0m] Speed at iter 14600 (epoch 4.12): 627.29 iters/sec
[2026-10-08 13:50:48] [0m] Speed at iter 14700 (epoch 4.15): 649.86 iters/sec
[2026-10-08 13:50:49] [0m] Speed at iter 14800 (epoch 4.18): 650.21 iters/sec
[2026-10-08 13:50:49] [0m] Speed at iter 14900 (epoch 4.21): 703.14 iters/sec
[2026-10-08 13:50:49] [0m] Step 15000 | Epoch   4.24 | train loss 2.1178 | val loss 2.1362 | lr 1.56e-04
  Saved checkpoint to pt/yawl_word_1L1H_e24_untied_cuda (best val loss: 2.1362)
  Saved rolling checkpoint to pt/yawl_word_1L1H_e24_untied_cuda_rolling.pt (iter 15000, val 2.1362)
[2026-10-08 13:50:49] [0m] Saved periodic checkpoint to pt/yawl_word_1L1H_e24_untied_cuda_iter15000.pt (iter 15000, epoch 4.24)
[2026-10-08 13:50:49] [0m] Speed at iter 15000 (epoch 4.24): 609.82 iters/sec
iter 15000: loss 2.0968, time 24.17ms, mfu 0.00%
[2026-10-08 13:50:49] [0m] Speed at iter 15100 (epoch 4.27): 622.59 iters/sec
[2026-10-08 13:50:49] [0m] Speed at iter 15200 (epoch 4.29): 664.25 iters/sec
[2026-10-08 13:50:49] [0m] Speed at iter 15300 (epoch 4.32): 680.47 iters/sec
[2026-10-08 13:50:50] [0m] Speed at iter 15400 (epoch 4.35): 676.60 iters/sec
[2026-10-08 13:50:50] [0m] Step 15500 | Epoch   4.38 | train loss 2.1298 | val loss 2.1194 | lr 1.39e-04
  Saved checkpoint to pt/yawl_word_1L1H_e24_untied_cuda (best val loss: 2.1194)
  Saved rolling checkpoint to pt/yawl_word_1L1H_e24_untied_cuda_rolling.pt (iter 15500, val 2.1194)
[2026-10-08 13:50:50] [0m] Speed at iter 15500 (epoch 4.38): 606.14 iters/sec
iter 15500: loss 2.1835, time 20.10ms, mfu 0.00%
[2026-10-08 13:50:50] [0m] Speed at iter 15600 (epoch 4.41): 675.06 iters/sec
[2026-10-08 13:50:50] [0m] Speed at iter 15700 (epoch 4.44): 683.56 iters/sec
[2026-10-08 13:50:50] [0m] Speed at iter 15800 (epoch 4.46): 666.26 iters/sec
[2026-10-08 13:50:50] [0m] Speed at iter 15900 (epoch 4.49): 677.48 iters/sec
[2026-10-08 13:50:50] [0m] Step 16000 | Epoch   4.52 | train loss 2.1289 | val loss 2.1404 | lr 1.23e-04
  Saved rolling checkpoint to pt/yawl_word_1L1H_e24_untied_cuda_rolling.pt (iter 16000, val 2.1404)
[2026-10-08 13:50:50] [0m] Speed at iter 16000 (epoch 4.52): 610.68 iters/sec
iter 16000: loss 2.1480, time 18.41ms, mfu 0.00%
[2026-10-08 13:50:51] [0m] Speed at iter 16100 (epoch 4.55): 665.66 iters/sec
[2026-10-08 13:50:51] [0m] Speed at iter 16200 (epoch 4.58): 688.47 iters/sec
[2026-10-08 13:50:51] [0m] Speed at iter 16300 (epoch 4.60): 689.45 iters/sec
[2026-10-08 13:50:51] [0m] Speed at iter 16400 (epoch 4.63): 666.00 iters/sec
[2026-10-08 13:50:51] [0m] Step 16500 | Epoch   4.66 | train loss 2.1405 | val loss 2.1382 | lr 1.09e-04
  Saved rolling checkpoint to pt/yawl_word_1L1H_e24_untied_cuda_rolling.pt (iter 16500, val 2.1382)
[2026-10-08 13:50:51] [0m] Speed at iter 16500 (epoch 4.66): 599.10 iters/sec
iter 16500: loss 2.0978, time 19.13ms, mfu 0.00%
[2026-10-08 13:50:51] [0m] Speed at iter 16600 (epoch 4.69): 697.77 iters/sec
[2026-10-08 13:50:51] [0m] Speed at iter 16700 (epoch 4.72): 675.31 iters/sec
[2026-10-08 13:50:52] [0m] Speed at iter 16800 (epoch 4.75): 682.63 iters/sec
[2026-10-08 13:50:52] [0m] Speed at iter 16900 (epoch 4.77): 686.27 iters/sec
[2026-10-08 13:50:52] [0m] Step 17000 | Epoch   4.80 | train loss 2.1266 | val loss 2.1168 | lr 9.62e-05
  Saved checkpoint to pt/yawl_word_1L1H_e24_untied_cuda (best val loss: 2.1168)
  Saved rolling checkpoint to pt/yawl_word_1L1H_e24_untied_cuda_rolling.pt (iter 17000, val 2.1168)
[2026-10-08 13:50:52] [0m] Speed at iter 17000 (epoch 4.80): 603.97 iters/sec
iter 17000: loss 2.0789, time 21.80ms, mfu 0.00%
[2026-10-08 13:50:52] [0m] Speed at iter 17100 (epoch 4.83): 664.00 iters/sec
[2026-10-08 13:50:52] [0m] Speed at iter 17200 (epoch 4.86): 667.40 iters/sec
[2026-10-08 13:50:52] [0m] Speed at iter 17300 (epoch 4.89): 673.72 iters/sec
[2026-10-08 13:50:53] [0m] Speed at iter 17400 (epoch 4.92): 686.31 iters/sec
[2026-10-08 13:50:53] [0m] Step 17500 | Epoch   4.94 | train loss 2.1390 | val loss 2.1224 | lr 8.53e-05
  Saved rolling checkpoint to pt/yawl_word_1L1H_e24_untied_cuda_rolling.pt (iter 17500, val 2.1224)
[2026-10-08 13:50:53] [0m] Saved periodic checkpoint to pt/yawl_word_1L1H_e24_untied_cuda_iter17500.pt (iter 17500, epoch 4.94)
[2026-10-08 13:50:53] [0m] Speed at iter 17500 (epoch 4.94): 609.24 iters/sec
iter 17500: loss 2.1704, time 20.77ms, mfu 0.00%
[2026-10-08 13:50:53] [0m] Speed at iter 17600 (epoch 4.97): 676.10 iters/sec
[2026-10-08 13:50:53] [0m] Speed at iter 17700 (epoch 5.00): 685.99 iters/sec
[2026-10-08 13:50:53] [0m] Speed at iter 17800 (epoch 5.03): 666.79 iters/sec
[2026-10-08 13:50:53] [0m] Speed at iter 17900 (epoch 5.06): 677.63 iters/sec
[2026-10-08 13:50:53] [0m] Step 18000 | Epoch   5.09 | train loss 2.1413 | val loss 2.1298 | lr 7.63e-05
  Saved rolling checkpoint to pt/yawl_word_1L1H_e24_untied_cuda_rolling.pt (iter 18000, val 2.1298)
[2026-10-08 13:50:53] [0m] Speed at iter 18000 (epoch 5.09): 601.22 iters/sec
iter 18000: loss 2.1315, time 18.99ms, mfu 0.00%
[2026-10-08 13:50:54] [0m] Speed at iter 18100 (epoch 5.11): 676.74 iters/sec
[2026-10-08 13:50:54] [0m] Speed at iter 18200 (epoch 5.14): 677.17 iters/sec
[2026-10-08 13:50:54] [0m] Speed at iter 18300 (epoch 5.17): 684.17 iters/sec
[2026-10-08 13:50:54] [0m] Speed at iter 18400 (epoch 5.20): 655.68 iters/sec
[2026-10-08 13:50:54] [0m] Step 18500 | Epoch   5.23 | train loss 2.1121 | val loss 2.1353 | lr 6.92e-05
  Saved rolling checkpoint to pt/yawl_word_1L1H_e24_untied_cuda_rolling.pt (iter 18500, val 2.1353)
[2026-10-08 13:50:54] [0m] Speed at iter 18500 (epoch 5.23): 592.15 iters/sec
iter 18500: loss 2.1589, time 18.57ms, mfu 0.00%
[2026-10-08 13:50:54] [0m] Speed at iter 18600 (epoch 5.25): 670.66 iters/sec
[2026-10-08 13:50:55] [0m] Speed at iter 18700 (epoch 5.28): 675.74 iters/sec
[2026-10-08 13:50:55] [0m] Speed at iter 18800 (epoch 5.31): 674.99 iters/sec
[2026-10-08 13:50:55] [0m] Speed at iter 18900 (epoch 5.34): 686.64 iters/sec
[2026-10-08 13:50:55] [0m] Step 19000 | Epoch   5.37 | train loss 2.1263 | val loss 2.1346 | lr 6.41e-05
  Saved rolling checkpoint to pt/yawl_word_1L1H_e24_untied_cuda_rolling.pt (iter 19000, val 2.1346)
[2026-10-08 13:50:55] [0m] Speed at iter 19000 (epoch 5.37): 610.79 iters/sec
iter 19000: loss 2.1731, time 19.03ms, mfu 0.00%
[2026-10-08 13:50:55] [0m] Speed at iter 19100 (epoch 5.40): 663.77 iters/sec
[2026-10-08 13:50:55] [0m] Speed at iter 19200 (epoch 5.42): 659.52 iters/sec
[2026-10-08 13:50:55] [0m] Speed at iter 19300 (epoch 5.45): 679.26 iters/sec
[2026-10-08 13:50:56] [0m] Speed at iter 19400 (epoch 5.48): 688.26 iters/sec
[2026-10-08 13:50:56] [0m] Step 19500 | Epoch   5.51 | train loss 2.1273 | val loss 2.1304 | lr 6.10e-05
  Saved rolling checkpoint to pt/yawl_word_1L1H_e24_untied_cuda_rolling.pt (iter 19500, val 2.1304)
[2026-10-08 13:50:56] [0m] Speed at iter 19500 (epoch 5.51): 605.26 iters/sec
iter 19500: loss 2.2263, time 20.13ms, mfu 0.00%
[2026-10-08 13:50:56] [0m] Speed at iter 19600 (epoch 5.54): 686.73 iters/sec
[2026-10-08 13:50:56] [0m] Speed at iter 19700 (epoch 5.57): 665.64 iters/sec
[2026-10-08 13:50:56] [0m] Speed at iter 19800 (epoch 5.59): 654.42 iters/sec
[2026-10-08 13:50:56] [0m] Speed at iter 19900 (epoch 5.62): 667.16 iters/sec

[2026-10-08 13:50:56] [0m] Training complete!
Mode: word
Tokenizer: char
Attention type: softmax
Final iteration: 20000, Final epoch: 5.65
Best validation loss: 2.1168
[2026-10-08 13:50:56] Saving final model to pt/yawl_word_1L1H_e24_untied_cuda_final.pt
Final model saved to: pt/yawl_word_1L1H_e24_untied_cuda
============================================================

[2026-10-08 13:50:56] Final sample from trained model:
lickling
faggers
rematory
woin
discomolarise
truintated
sousan
unnitimbly
iattitiles
remakes
hispings
reckars
zelphobard
telited
uncher
velatordial
sufflesate
precropogenism
spored
klinspably

=== n_embd=24: finished at Thu Oct  8 01:50:57 PM EDT 2026 ===

========================================
=== n_embd=20: starting ===
  output: pt/yawl_word_1L1H_e20_untied_cuda.pt
  log:    terminal_logs/terminal_log_for_yawl_word_1L1H_e20_untied_cuda_2026_10_08_1349.txt
========================================
[2026-10-08 13:50:58] Using device: cuda
[2026-10-08 13:50:58] Seeded torch RNG with --seed 1337
[2026-10-08 13:50:58] Using precision: float32 (requested: float32)
[2026-10-08 13:50:58] Training mode: word
[2026-10-08 13:50:58] Reading input from txt_local/yawl_word_list_width_26.txt
[2026-10-08 13:50:58] Read 2,721,922 characters
[2026-10-08 13:50:58] Training char tokenizer...
CharTokenizer: Built vocabulary of 27 characters
[2026-10-08 13:50:58] Padding token ID: 27
[2026-10-08 13:50:58] Preparing word blocks from 264097 words...
[2026-10-08 13:50:59] Created 251710 word blocks
[2026-10-08 13:50:59] Skipped 12387 words (too long for block_size=17)
[2026-10-08 13:50:59] Training blocks: 226,539 (3,851,163 tokens)
[2026-10-08 13:50:59] Validation blocks: 25171
[2026-10-08 13:50:59] Saving tokenizer to pt/yawl_word_1L1H_e20_untied_cuda_meta.pkl
[2026-10-08 13:50:59] Initializing new model...
  Vocabulary size: 27 (+ 1 padding token = 28)
number of parameters: 0.01M (softmax attention, untied weights)
num decayed parameter tensors: 7, with 6,260 parameters
num non-decayed parameter tensors: 10, with 300 parameters
using fused AdamW: False

[2026-10-08 13:50:59] Starting training...
Command line: py/train.py --input txt_local/yawl_word_list_width_26.txt --output pt/yawl_word_1L1H_e20_untied_cuda --checkpoints_to pt --mode word --tokenizer char --untie_weights --n_layer 1 --n_head 1 --n_embd 20 --block_size 17 --max_iters 20000 --seed 1337 --no_fused --batch_size 64 --learning_rate 6e-4 --warmup_iters 2000 --dropout 0.0 --val_split 0.1 --precision float32 --eval_interval 500 --eval_iters 20 --save_interval 2500 --log_interval 500 --sample_interval 100000000

--- Mode and tokenizer ---
  mode:               word
  tokenizer:          char
  vocab_size:         27 (+ 1 padding = 28)
  padding token ID:   27
  attention type:     softmax
  precision:          float32
--- Architecture ---
  n_layer:            1
  n_head:             1
  n_embd:             20
  block_size:         17
  dropout:            0.0
  bias:               True  (LayerNorm + Linear bias)
  tie_weights:        False
  no_gelu:            False
  no_bias:            False
--- Training ---
  batch_size:         64
  grad_accum_steps:   1
  max_iters:          20000
  learning_rate:      6.00e-04 (target after warmup)
  min_lr (cosine):    6.00e-05
  warmup_iters:       2000
  weight_decay:       0.1 (decay tensors), 0.0 (no-decay tensors)  [hardcoded]
  betas:              (0.9, 0.95)  [hardcoded]
  grad_clip:          1.0  [hardcoded]
--- Data ---
  input:              txt_local/yawl_word_list_width_26.txt
  val_split:          0.1
--- Logging ---
  log_interval:       500
  eval_interval:      500
  eval_iters:         20
  save_interval:      2500
  sample_interval:    100000000
  sample_max_tokens:  128
--- Output ---
  output:             pt/yawl_word_1L1H_e20_untied_cuda
  checkpoints_to:     pt
  rolling_save:       pt/yawl_word_1L1H_e20_untied_cuda_rolling.pt (written every eval_interval)
============================================================
[2026-10-08 13:50:59] [0m] Step     0 | Epoch   0.00 | train loss 3.3173 | val loss 3.3149 | lr 0.00e+00
iter 0: loss 3.3081, time 184.69ms, mfu -100.00%
[2026-10-08 13:50:59] [0m] Speed at iter 100 (epoch 0.03): 291.91 iters/sec
[2026-10-08 13:51:00] [0m] Speed at iter 200 (epoch 0.06): 634.08 iters/sec
[2026-10-08 13:51:00] [0m] Speed at iter 300 (epoch 0.08): 624.42 iters/sec
[2026-10-08 13:51:00] [0m] Speed at iter 400 (epoch 0.11): 640.84 iters/sec
[2026-10-08 13:51:00] [0m] Step   500 | Epoch   0.14 | train loss 2.9011 | val loss 2.9046 | lr 1.50e-04
  Saved checkpoint to pt/yawl_word_1L1H_e20_untied_cuda (best val loss: 2.9046)
  Saved rolling checkpoint to pt/yawl_word_1L1H_e20_untied_cuda_rolling.pt (iter 500, val 2.9046)
[2026-10-08 13:51:00] [0m] Speed at iter 500 (epoch 0.14): 588.08 iters/sec
iter 500: loss 2.8922, time 21.55ms, mfu 0.00%
[2026-10-08 13:51:00] [0m] Speed at iter 600 (epoch 0.17): 610.40 iters/sec
[2026-10-08 13:51:00] [0m] Speed at iter 700 (epoch 0.20): 601.33 iters/sec
[2026-10-08 13:51:01] [0m] Speed at iter 800 (epoch 0.23): 662.25 iters/sec
[2026-10-08 13:51:01] [0m] Speed at iter 900 (epoch 0.25): 625.17 iters/sec
[2026-10-08 13:51:01] [0m] Step  1000 | Epoch   0.28 | train loss 2.5212 | val loss 2.5162 | lr 3.00e-04
  Saved checkpoint to pt/yawl_word_1L1H_e20_untied_cuda (best val loss: 2.5162)
  Saved rolling checkpoint to pt/yawl_word_1L1H_e20_untied_cuda_rolling.pt (iter 1000, val 2.5162)
[2026-10-08 13:51:01] [0m] Speed at iter 1000 (epoch 0.28): 564.29 iters/sec
iter 1000: loss 2.5155, time 20.82ms, mfu 0.00%
[2026-10-08 13:51:01] [0m] Speed at iter 1100 (epoch 0.31): 620.23 iters/sec
[2026-10-08 13:51:01] [0m] Speed at iter 1200 (epoch 0.34): 620.60 iters/sec
[2026-10-08 13:51:01] [0m] Speed at iter 1300 (epoch 0.37): 698.27 iters/sec
[2026-10-08 13:51:01] [0m] Speed at iter 1400 (epoch 0.40): 691.79 iters/sec
[2026-10-08 13:51:02] [0m] Step  1500 | Epoch   0.42 | train loss 2.3832 | val loss 2.3986 | lr 4.50e-04
  Saved checkpoint to pt/yawl_word_1L1H_e20_untied_cuda (best val loss: 2.3986)
  Saved rolling checkpoint to pt/yawl_word_1L1H_e20_untied_cuda_rolling.pt (iter 1500, val 2.3986)
[2026-10-08 13:51:02] [0m] Speed at iter 1500 (epoch 0.42): 611.88 iters/sec
iter 1500: loss 2.4046, time 20.08ms, mfu 0.00%
[2026-10-08 13:51:02] [0m] Speed at iter 1600 (epoch 0.45): 680.32 iters/sec
[2026-10-08 13:51:02] [0m] Speed at iter 1700 (epoch 0.48): 675.65 iters/sec
[2026-10-08 13:51:02] [0m] Speed at iter 1800 (epoch 0.51): 655.81 iters/sec
[2026-10-08 13:51:02] [0m] Speed at iter 1900 (epoch 0.54): 671.76 iters/sec
[2026-10-08 13:51:02] [0m] Step  2000 | Epoch   0.57 | train loss 2.3374 | val loss 2.3420 | lr 6.00e-04
  Saved checkpoint to pt/yawl_word_1L1H_e20_untied_cuda (best val loss: 2.3420)
  Saved rolling checkpoint to pt/yawl_word_1L1H_e20_untied_cuda_rolling.pt (iter 2000, val 2.3420)
[2026-10-08 13:51:02] [0m] Speed at iter 2000 (epoch 0.57): 614.91 iters/sec
iter 2000: loss 2.3838, time 20.21ms, mfu 0.00%
[2026-10-08 13:51:03] [0m] Speed at iter 2100 (epoch 0.59): 685.86 iters/sec
[2026-10-08 13:51:03] [0m] Speed at iter 2200 (epoch 0.62): 682.94 iters/sec
[2026-10-08 13:51:03] [0m] Speed at iter 2300 (epoch 0.65): 693.83 iters/sec
[2026-10-08 13:51:03] [0m] Speed at iter 2400 (epoch 0.68): 687.02 iters/sec
[2026-10-08 13:51:03] [0m] Step  2500 | Epoch   0.71 | train loss 2.3089 | val loss 2.3055 | lr 5.99e-04
  Saved checkpoint to pt/yawl_word_1L1H_e20_untied_cuda (best val loss: 2.3055)
  Saved rolling checkpoint to pt/yawl_word_1L1H_e20_untied_cuda_rolling.pt (iter 2500, val 2.3055)
[2026-10-08 13:51:03] [0m] Saved periodic checkpoint to pt/yawl_word_1L1H_e20_untied_cuda_iter2500.pt (iter 2500, epoch 0.71)
[2026-10-08 13:51:03] [0m] Speed at iter 2500 (epoch 0.71): 585.19 iters/sec
iter 2500: loss 2.3524, time 23.49ms, mfu 0.00%
[2026-10-08 13:51:03] [0m] Speed at iter 2600 (epoch 0.73): 672.49 iters/sec
[2026-10-08 13:51:03] [0m] Speed at iter 2700 (epoch 0.76): 688.83 iters/sec
[2026-10-08 13:51:04] [0m] Speed at iter 2800 (epoch 0.79): 683.68 iters/sec
[2026-10-08 13:51:04] [0m] Speed at iter 2900 (epoch 0.82): 672.09 iters/sec
[2026-10-08 13:51:04] [0m] Step  3000 | Epoch   0.85 | train loss 2.2639 | val loss 2.2832 | lr 5.96e-04
  Saved checkpoint to pt/yawl_word_1L1H_e20_untied_cuda (best val loss: 2.2832)
  Saved rolling checkpoint to pt/yawl_word_1L1H_e20_untied_cuda_rolling.pt (iter 3000, val 2.2832)
[2026-10-08 13:51:04] [0m] Speed at iter 3000 (epoch 0.85): 585.81 iters/sec
iter 3000: loss 2.2706, time 23.59ms, mfu 0.00%
[2026-10-08 13:51:04] [0m] Speed at iter 3100 (epoch 0.88): 630.72 iters/sec
[2026-10-08 13:51:04] [0m] Speed at iter 3200 (epoch 0.90): 660.72 iters/sec
[2026-10-08 13:51:04] [0m] Speed at iter 3300 (epoch 0.93): 646.10 iters/sec
[2026-10-08 13:51:05] [0m] Speed at iter 3400 (epoch 0.96): 639.58 iters/sec
[2026-10-08 13:51:05] [0m] Step  3500 | Epoch   0.99 | train loss 2.2799 | val loss 2.2588 | lr 5.91e-04
  Saved checkpoint to pt/yawl_word_1L1H_e20_untied_cuda (best val loss: 2.2588)
  Saved rolling checkpoint to pt/yawl_word_1L1H_e20_untied_cuda_rolling.pt (iter 3500, val 2.2588)
[2026-10-08 13:51:05] [0m] Speed at iter 3500 (epoch 0.99): 562.00 iters/sec
iter 3500: loss 2.3212, time 21.02ms, mfu 0.00%
[2026-10-08 13:51:05] [0m] Speed at iter 3600 (epoch 1.02): 590.32 iters/sec
[2026-10-08 13:51:05] [0m] Speed at iter 3700 (epoch 1.05): 601.53 iters/sec
[2026-10-08 13:51:05] [0m] Speed at iter 3800 (epoch 1.07): 710.79 iters/sec
[2026-10-08 13:51:05] [0m] Speed at iter 3900 (epoch 1.10): 715.45 iters/sec
[2026-10-08 13:51:06] [0m] Step  4000 | Epoch   1.13 | train loss 2.2445 | val loss 2.2324 | lr 5.84e-04
  Saved checkpoint to pt/yawl_word_1L1H_e20_untied_cuda (best val loss: 2.2324)
  Saved rolling checkpoint to pt/yawl_word_1L1H_e20_untied_cuda_rolling.pt (iter 4000, val 2.2324)
[2026-10-08 13:51:06] [0m] Speed at iter 4000 (epoch 1.13): 508.35 iters/sec
iter 4000: loss 2.2586, time 20.94ms, mfu 0.00%
[2026-10-08 13:51:06] [0m] Speed at iter 4100 (epoch 1.16): 645.54 iters/sec
[2026-10-08 13:51:06] [0m] Speed at iter 4200 (epoch 1.19): 636.27 iters/sec
[2026-10-08 13:51:06] [0m] Speed at iter 4300 (epoch 1.21): 702.92 iters/sec
[2026-10-08 13:51:06] [0m] Speed at iter 4400 (epoch 1.24): 685.28 iters/sec
[2026-10-08 13:51:06] [0m] Step  4500 | Epoch   1.27 | train loss 2.2405 | val loss 2.2405 | lr 5.75e-04
  Saved rolling checkpoint to pt/yawl_word_1L1H_e20_untied_cuda_rolling.pt (iter 4500, val 2.2405)
[2026-10-08 13:51:06] [0m] Speed at iter 4500 (epoch 1.27): 575.52 iters/sec
iter 4500: loss 2.2248, time 18.94ms, mfu 0.00%
[2026-10-08 13:51:06] [0m] Speed at iter 4600 (epoch 1.30): 653.86 iters/sec
[2026-10-08 13:51:07] [0m] Speed at iter 4700 (epoch 1.33): 666.60 iters/sec
[2026-10-08 13:51:07] [0m] Speed at iter 4800 (epoch 1.36): 659.24 iters/sec
[2026-10-08 13:51:07] [0m] Speed at iter 4900 (epoch 1.38): 614.41 iters/sec
[2026-10-08 13:51:07] [0m] Step  5000 | Epoch   1.41 | train loss 2.2348 | val loss 2.2343 | lr 5.64e-04
  Saved rolling checkpoint to pt/yawl_word_1L1H_e20_untied_cuda_rolling.pt (iter 5000, val 2.2343)
[2026-10-08 13:51:07] [0m] Saved periodic checkpoint to pt/yawl_word_1L1H_e20_untied_cuda_iter5000.pt (iter 5000, epoch 1.41)
[2026-10-08 13:51:07] [0m] Speed at iter 5000 (epoch 1.41): 514.29 iters/sec
iter 5000: loss 2.3184, time 20.40ms, mfu 0.00%
[2026-10-08 13:51:07] [0m] Speed at iter 5100 (epoch 1.44): 587.21 iters/sec
[2026-10-08 13:51:07] [0m] Speed at iter 5200 (epoch 1.47): 658.73 iters/sec
[2026-10-08 13:51:08] [0m] Speed at iter 5300 (epoch 1.50): 664.34 iters/sec
[2026-10-08 13:51:08] [0m] Speed at iter 5400 (epoch 1.53): 666.18 iters/sec
[2026-10-08 13:51:08] [0m] Step  5500 | Epoch   1.55 | train loss 2.2316 | val loss 2.2228 | lr 5.51e-04
  Saved checkpoint to pt/yawl_word_1L1H_e20_untied_cuda (best val loss: 2.2228)
  Saved rolling checkpoint to pt/yawl_word_1L1H_e20_untied_cuda_rolling.pt (iter 5500, val 2.2228)
[2026-10-08 13:51:08] [0m] Speed at iter 5500 (epoch 1.55): 510.13 iters/sec
iter 5500: loss 2.2114, time 20.98ms, mfu 0.00%
[2026-10-08 13:51:08] [0m] Speed at iter 5600 (epoch 1.58): 617.75 iters/sec
[2026-10-08 13:51:08] [0m] Speed at iter 5700 (epoch 1.61): 642.29 iters/sec
[2026-10-08 13:51:08] [0m] Speed at iter 5800 (epoch 1.64): 656.49 iters/sec
[2026-10-08 13:51:09] [0m] Speed at iter 5900 (epoch 1.67): 698.66 iters/sec
[2026-10-08 13:51:09] [0m] Step  6000 | Epoch   1.70 | train loss 2.2055 | val loss 2.2189 | lr 5.37e-04
  Saved checkpoint to pt/yawl_word_1L1H_e20_untied_cuda (best val loss: 2.2189)
  Saved rolling checkpoint to pt/yawl_word_1L1H_e20_untied_cuda_rolling.pt (iter 6000, val 2.2189)
[2026-10-08 13:51:09] [0m] Speed at iter 6000 (epoch 1.70): 609.66 iters/sec
iter 6000: loss 2.2607, time 20.44ms, mfu 0.00%
[2026-10-08 13:51:09] [0m] Speed at iter 6100 (epoch 1.72): 620.20 iters/sec
[2026-10-08 13:51:09] [0m] Speed at iter 6200 (epoch 1.75): 690.91 iters/sec
[2026-10-08 13:51:09] [0m] Speed at iter 6300 (epoch 1.78): 566.59 iters/sec
[2026-10-08 13:51:09] [0m] Speed at iter 6400 (epoch 1.81): 616.42 iters/sec
[2026-10-08 13:51:10] [0m] Step  6500 | Epoch   1.84 | train loss 2.2109 | val loss 2.2132 | lr 5.21e-04
  Saved checkpoint to pt/yawl_word_1L1H_e20_untied_cuda (best val loss: 2.2132)
  Saved rolling checkpoint to pt/yawl_word_1L1H_e20_untied_cuda_rolling.pt (iter 6500, val 2.2132)
[2026-10-08 13:51:10] [0m] Speed at iter 6500 (epoch 1.84): 496.85 iters/sec
iter 6500: loss 2.1692, time 23.62ms, mfu 0.00%
[2026-10-08 13:51:10] [0m] Speed at iter 6600 (epoch 1.86): 670.81 iters/sec
[2026-10-08 13:51:10] [0m] Speed at iter 6700 (epoch 1.89): 708.69 iters/sec
[2026-10-08 13:51:10] [0m] Speed at iter 6800 (epoch 1.92): 708.54 iters/sec
[2026-10-08 13:51:10] [0m] Speed at iter 6900 (epoch 1.95): 663.75 iters/sec
[2026-10-08 13:51:10] [0m] Step  7000 | Epoch   1.98 | train loss 2.1915 | val loss 2.1833 | lr 5.04e-04
  Saved checkpoint to pt/yawl_word_1L1H_e20_untied_cuda (best val loss: 2.1833)
  Saved rolling checkpoint to pt/yawl_word_1L1H_e20_untied_cuda_rolling.pt (iter 7000, val 2.1833)
[2026-10-08 13:51:10] [0m] Speed at iter 7000 (epoch 1.98): 564.91 iters/sec
iter 7000: loss 2.1734, time 20.51ms, mfu 0.00%
[2026-10-08 13:51:10] [0m] Speed at iter 7100 (epoch 2.01): 604.40 iters/sec
[2026-10-08 13:51:11] [0m] Speed at iter 7200 (epoch 2.03): 669.59 iters/sec
[2026-10-08 13:51:11] [0m] Speed at iter 7300 (epoch 2.06): 630.23 iters/sec
[2026-10-08 13:51:11] [0m] Speed at iter 7400 (epoch 2.09): 674.15 iters/sec
[2026-10-08 13:51:11] [0m] Step  7500 | Epoch   2.12 | train loss 2.1964 | val loss 2.2134 | lr 4.85e-04
  Saved rolling checkpoint to pt/yawl_word_1L1H_e20_untied_cuda_rolling.pt (iter 7500, val 2.2134)
[2026-10-08 13:51:11] [0m] Saved periodic checkpoint to pt/yawl_word_1L1H_e20_untied_cuda_iter7500.pt (iter 7500, epoch 2.12)
[2026-10-08 13:51:11] [0m] Speed at iter 7500 (epoch 2.12): 515.87 iters/sec
iter 7500: loss 2.2111, time 21.18ms, mfu 0.00%
[2026-10-08 13:51:11] [0m] Speed at iter 7600 (epoch 2.15): 626.74 iters/sec
[2026-10-08 13:51:11] [0m] Speed at iter 7700 (epoch 2.18): 647.38 iters/sec
[2026-10-08 13:51:12] [0m] Speed at iter 7800 (epoch 2.20): 648.08 iters/sec
[2026-10-08 13:51:12] [0m] Speed at iter 7900 (epoch 2.23): 641.31 iters/sec
[2026-10-08 13:51:12] [0m] Step  8000 | Epoch   2.26 | train loss 2.1881 | val loss 2.2192 | lr 4.65e-04
  Saved rolling checkpoint to pt/yawl_word_1L1H_e20_untied_cuda_rolling.pt (iter 8000, val 2.2192)
[2026-10-08 13:51:12] [0m] Speed at iter 8000 (epoch 2.26): 610.36 iters/sec
iter 8000: loss 2.2190, time 18.74ms, mfu 0.00%
[2026-10-08 13:51:12] [0m] Speed at iter 8100 (epoch 2.29): 616.77 iters/sec
[2026-10-08 13:51:12] [0m] Speed at iter 8200 (epoch 2.32): 684.49 iters/sec
[2026-10-08 13:51:12] [0m] Speed at iter 8300 (epoch 2.34): 596.42 iters/sec
[2026-10-08 13:51:13] [0m] Speed at iter 8400 (epoch 2.37): 632.75 iters/sec
[2026-10-08 13:51:13] [0m] Step  8500 | Epoch   2.40 | train loss 2.1859 | val loss 2.1933 | lr 4.44e-04
  Saved rolling checkpoint to pt/yawl_word_1L1H_e20_untied_cuda_rolling.pt (iter 8500, val 2.1933)
[2026-10-08 13:51:13] [0m] Speed at iter 8500 (epoch 2.40): 619.56 iters/sec
iter 8500: loss 2.1459, time 18.55ms, mfu 0.00%
[2026-10-08 13:51:13] [0m] Speed at iter 8600 (epoch 2.43): 641.05 iters/sec
[2026-10-08 13:51:13] [0m] Speed at iter 8700 (epoch 2.46): 693.32 iters/sec
[2026-10-08 13:51:13] [0m] Speed at iter 8800 (epoch 2.49): 678.01 iters/sec
[2026-10-08 13:51:13] [0m] Speed at iter 8900 (epoch 2.51): 665.31 iters/sec
[2026-10-08 13:51:13] [0m] Step  9000 | Epoch   2.54 | train loss 2.1835 | val loss 2.1825 | lr 4.22e-04
  Saved checkpoint to pt/yawl_word_1L1H_e20_untied_cuda (best val loss: 2.1825)
  Saved rolling checkpoint to pt/yawl_word_1L1H_e20_untied_cuda_rolling.pt (iter 9000, val 2.1825)
[2026-10-08 13:51:13] [0m] Speed at iter 9000 (epoch 2.54): 614.72 iters/sec
iter 9000: loss 2.2535, time 20.94ms, mfu 0.00%
[2026-10-08 13:51:14] [0m] Speed at iter 9100 (epoch 2.57): 579.10 iters/sec
[2026-10-08 13:51:14] [0m] Speed at iter 9200 (epoch 2.60): 683.55 iters/sec
[2026-10-08 13:51:14] [0m] Speed at iter 9300 (epoch 2.63): 613.84 iters/sec
[2026-10-08 13:51:14] [0m] Speed at iter 9400 (epoch 2.66): 645.14 iters/sec
[2026-10-08 13:51:14] [0m] Step  9500 | Epoch   2.68 | train loss 2.1697 | val loss 2.2134 | lr 4.00e-04
  Saved rolling checkpoint to pt/yawl_word_1L1H_e20_untied_cuda_rolling.pt (iter 9500, val 2.2134)
[2026-10-08 13:51:14] [0m] Speed at iter 9500 (epoch 2.68): 584.33 iters/sec
iter 9500: loss 2.1424, time 19.51ms, mfu 0.00%
[2026-10-08 13:51:14] [0m] Speed at iter 9600 (epoch 2.71): 513.12 iters/sec
[2026-10-08 13:51:15] [0m] Speed at iter 9700 (epoch 2.74): 578.31 iters/sec
[2026-10-08 13:51:15] [0m] Speed at iter 9800 (epoch 2.77): 655.23 iters/sec
[2026-10-08 13:51:15] [0m] Speed at iter 9900 (epoch 2.80): 668.57 iters/sec
[2026-10-08 13:51:15] [0m] Step 10000 | Epoch   2.83 | train loss 2.1718 | val loss 2.1827 | lr 3.77e-04
  Saved rolling checkpoint to pt/yawl_word_1L1H_e20_untied_cuda_rolling.pt (iter 10000, val 2.1827)
[2026-10-08 13:51:15] [0m] Saved periodic checkpoint to pt/yawl_word_1L1H_e20_untied_cuda_iter10000.pt (iter 10000, epoch 2.83)
[2026-10-08 13:51:15] [0m] Speed at iter 10000 (epoch 2.83): 562.41 iters/sec
iter 10000: loss 2.1666, time 20.73ms, mfu 0.00%
[2026-10-08 13:51:15] [0m] Speed at iter 10100 (epoch 2.85): 622.44 iters/sec
[2026-10-08 13:51:15] [0m] Speed at iter 10200 (epoch 2.88): 644.06 iters/sec
[2026-10-08 13:51:16] [0m] Speed at iter 10300 (epoch 2.91): 659.88 iters/sec
[2026-10-08 13:51:16] [0m] Speed at iter 10400 (epoch 2.94): 606.73 iters/sec
[2026-10-08 13:51:16] [0m] Step 10500 | Epoch   2.97 | train loss 2.1982 | val loss 2.1731 | lr 3.54e-04
  Saved checkpoint to pt/yawl_word_1L1H_e20_untied_cuda (best val loss: 2.1731)
  Saved rolling checkpoint to pt/yawl_word_1L1H_e20_untied_cuda_rolling.pt (iter 10500, val 2.1731)
[2026-10-08 13:51:16] [0m] Speed at iter 10500 (epoch 2.97): 588.45 iters/sec
iter 10500: loss 2.2438, time 21.12ms, mfu 0.00%
[2026-10-08 13:51:16] [0m] Speed at iter 10600 (epoch 2.99): 632.27 iters/sec
[2026-10-08 13:51:16] [0m] Speed at iter 10700 (epoch 3.02): 638.19 iters/sec
[2026-10-08 13:51:16] [0m] Speed at iter 10800 (epoch 3.05): 697.17 iters/sec
[2026-10-08 13:51:17] [0m] Speed at iter 10900 (epoch 3.08): 666.00 iters/sec
[2026-10-08 13:51:17] [0m] Step 11000 | Epoch   3.11 | train loss 2.1778 | val loss 2.1861 | lr 3.30e-04
  Saved rolling checkpoint to pt/yawl_word_1L1H_e20_untied_cuda_rolling.pt (iter 11000, val 2.1861)
[2026-10-08 13:51:17] [0m] Speed at iter 11000 (epoch 3.11): 613.99 iters/sec
iter 11000: loss 2.1217, time 18.88ms, mfu 0.00%
[2026-10-08 13:51:17] [0m] Speed at iter 11100 (epoch 3.14): 624.62 iters/sec
[2026-10-08 13:51:17] [0m] Speed at iter 11200 (epoch 3.16): 609.56 iters/sec
[2026-10-08 13:51:17] [0m] Speed at iter 11300 (epoch 3.19): 542.42 iters/sec
[2026-10-08 13:51:17] [0m] Speed at iter 11400 (epoch 3.22): 590.93 iters/sec
[2026-10-08 13:51:18] [0m] Step 11500 | Epoch   3.25 | train loss 2.1790 | val loss 2.1775 | lr 3.06e-04
  Saved rolling checkpoint to pt/yawl_word_1L1H_e20_untied_cuda_rolling.pt (iter 11500, val 2.1775)
[2026-10-08 13:51:18] [0m] Speed at iter 11500 (epoch 3.25): 556.22 iters/sec
iter 11500: loss 2.2287, time 18.58ms, mfu 0.00%
[2026-10-08 13:51:18] [0m] Speed at iter 11600 (epoch 3.28): 581.67 iters/sec
[2026-10-08 13:51:18] [0m] Speed at iter 11700 (epoch 3.31): 669.33 iters/sec
[2026-10-08 13:51:18] [0m] Speed at iter 11800 (epoch 3.33): 671.86 iters/sec
[2026-10-08 13:51:18] [0m] Speed at iter 11900 (epoch 3.36): 651.84 iters/sec
[2026-10-08 13:51:18] [0m] Step 12000 | Epoch   3.39 | train loss 2.1769 | val loss 2.1768 | lr 2.83e-04
  Saved rolling checkpoint to pt/yawl_word_1L1H_e20_untied_cuda_rolling.pt (iter 12000, val 2.1768)
[2026-10-08 13:51:18] [0m] Speed at iter 12000 (epoch 3.39): 524.11 iters/sec
iter 12000: loss 2.1121, time 22.15ms, mfu 0.00%
[2026-10-08 13:51:19] [0m] Speed at iter 12100 (epoch 3.42): 624.89 iters/sec
[2026-10-08 13:51:19] [0m] Speed at iter 12200 (epoch 3.45): 620.06 iters/sec
[2026-10-08 13:51:19] [0m] Speed at iter 12300 (epoch 3.47): 696.24 iters/sec
[2026-10-08 13:51:19] [0m] Speed at iter 12400 (epoch 3.50): 678.51 iters/sec
[2026-10-08 13:51:19] [0m] Step 12500 | Epoch   3.53 | train loss 2.1562 | val loss 2.1701 | lr 2.60e-04
  Saved checkpoint to pt/yawl_word_1L1H_e20_untied_cuda (best val loss: 2.1701)
  Saved rolling checkpoint to pt/yawl_word_1L1H_e20_untied_cuda_rolling.pt (iter 12500, val 2.1701)
[2026-10-08 13:51:19] [0m] Saved periodic checkpoint to pt/yawl_word_1L1H_e20_untied_cuda_iter12500.pt (iter 12500, epoch 3.53)
[2026-10-08 13:51:19] [0m] Speed at iter 12500 (epoch 3.53): 568.01 iters/sec
iter 12500: loss 2.1251, time 22.95ms, mfu 0.00%
[2026-10-08 13:51:19] [0m] Speed at iter 12600 (epoch 3.56): 639.63 iters/sec
[2026-10-08 13:51:19] [0m] Speed at iter 12700 (epoch 3.59): 691.81 iters/sec
[2026-10-08 13:51:20] [0m] Speed at iter 12800 (epoch 3.62): 682.09 iters/sec
[2026-10-08 13:51:20] [0m] Speed at iter 12900 (epoch 3.64): 686.89 iters/sec
[2026-10-08 13:51:20] [0m] Step 13000 | Epoch   3.67 | train loss 2.1672 | val loss 2.1590 | lr 2.38e-04
  Saved checkpoint to pt/yawl_word_1L1H_e20_untied_cuda (best val loss: 2.1590)
  Saved rolling checkpoint to pt/yawl_word_1L1H_e20_untied_cuda_rolling.pt (iter 13000, val 2.1590)
[2026-10-08 13:51:20] [0m] Speed at iter 13000 (epoch 3.67): 602.15 iters/sec
iter 13000: loss 2.0891, time 22.38ms, mfu 0.00%
[2026-10-08 13:51:20] [0m] Speed at iter 13100 (epoch 3.70): 664.09 iters/sec
[2026-10-08 13:51:20] [0m] Speed at iter 13200 (epoch 3.73): 664.65 iters/sec
[2026-10-08 13:51:20] [0m] Speed at iter 13300 (epoch 3.76): 666.16 iters/sec
[2026-10-08 13:51:21] [0m] Speed at iter 13400 (epoch 3.79): 686.35 iters/sec
[2026-10-08 13:51:21] [0m] Step 13500 | Epoch   3.81 | train loss 2.1619 | val loss 2.1508 | lr 2.16e-04
  Saved checkpoint to pt/yawl_word_1L1H_e20_untied_cuda (best val loss: 2.1508)
  Saved rolling checkpoint to pt/yawl_word_1L1H_e20_untied_cuda_rolling.pt (iter 13500, val 2.1508)
[2026-10-08 13:51:21] [0m] Speed at iter 13500 (epoch 3.81): 609.09 iters/sec
iter 13500: loss 2.1663, time 20.51ms, mfu 0.00%
[2026-10-08 13:51:21] [0m] Speed at iter 13600 (epoch 3.84): 671.12 iters/sec
[2026-10-08 13:51:21] [0m] Speed at iter 13700 (epoch 3.87): 683.46 iters/sec
[2026-10-08 13:51:21] [0m] Speed at iter 13800 (epoch 3.90): 677.86 iters/sec
[2026-10-08 13:51:21] [0m] Speed at iter 13900 (epoch 3.93): 643.99 iters/sec
[2026-10-08 13:51:21] [0m] Step 14000 | Epoch   3.96 | train loss 2.1582 | val loss 2.1678 | lr 1.95e-04
  Saved rolling checkpoint to pt/yawl_word_1L1H_e20_untied_cuda_rolling.pt (iter 14000, val 2.1678)
[2026-10-08 13:51:21] [0m] Speed at iter 14000 (epoch 3.96): 618.39 iters/sec
iter 14000: loss 2.1363, time 18.47ms, mfu 0.00%
[2026-10-08 13:51:22] [0m] Speed at iter 14100 (epoch 3.98): 681.98 iters/sec
[2026-10-08 13:51:22] [0m] Speed at iter 14200 (epoch 4.01): 682.86 iters/sec
[2026-10-08 13:51:22] [0m] Speed at iter 14300 (epoch 4.04): 691.89 iters/sec
[2026-10-08 13:51:22] [0m] Speed at iter 14400 (epoch 4.07): 680.61 iters/sec
[2026-10-08 13:51:22] [0m] Step 14500 | Epoch   4.10 | train loss 2.1690 | val loss 2.1697 | lr 1.75e-04
  Saved rolling checkpoint to pt/yawl_word_1L1H_e20_untied_cuda_rolling.pt (iter 14500, val 2.1697)
[2026-10-08 13:51:22] [0m] Speed at iter 14500 (epoch 4.10): 587.89 iters/sec
iter 14500: loss 2.1714, time 19.80ms, mfu 0.00%
[2026-10-08 13:51:22] [0m] Speed at iter 14600 (epoch 4.12): 637.03 iters/sec
[2026-10-08 13:51:23] [0m] Speed at iter 14700 (epoch 4.15): 679.91 iters/sec
[2026-10-08 13:51:23] [0m] Speed at iter 14800 (epoch 4.18): 678.09 iters/sec
[2026-10-08 13:51:23] [0m] Speed at iter 14900 (epoch 4.21): 693.72 iters/sec
[2026-10-08 13:51:23] [0m] Step 15000 | Epoch   4.24 | train loss 2.1745 | val loss 2.1537 | lr 1.56e-04
  Saved rolling checkpoint to pt/yawl_word_1L1H_e20_untied_cuda_rolling.pt (iter 15000, val 2.1537)
[2026-10-08 13:51:23] [0m] Saved periodic checkpoint to pt/yawl_word_1L1H_e20_untied_cuda_iter15000.pt (iter 15000, epoch 4.24)
[2026-10-08 13:51:23] [0m] Speed at iter 15000 (epoch 4.24): 599.24 iters/sec
iter 15000: loss 2.1737, time 20.67ms, mfu 0.00%
[2026-10-08 13:51:23] [0m] Speed at iter 15100 (epoch 4.27): 658.26 iters/sec
[2026-10-08 13:51:23] [0m] Speed at iter 15200 (epoch 4.29): 662.23 iters/sec
[2026-10-08 13:51:23] [0m] Speed at iter 15300 (epoch 4.32): 678.73 iters/sec
[2026-10-08 13:51:24] [0m] Speed at iter 15400 (epoch 4.35): 689.66 iters/sec
[2026-10-08 13:51:24] [0m] Step 15500 | Epoch   4.38 | train loss 2.1766 | val loss 2.1448 | lr 1.39e-04
  Saved checkpoint to pt/yawl_word_1L1H_e20_untied_cuda (best val loss: 2.1448)
  Saved rolling checkpoint to pt/yawl_word_1L1H_e20_untied_cuda_rolling.pt (iter 15500, val 2.1448)
[2026-10-08 13:51:24] [0m] Speed at iter 15500 (epoch 4.38): 603.50 iters/sec
iter 15500: loss 2.1150, time 21.11ms, mfu 0.00%
[2026-10-08 13:51:24] [0m] Speed at iter 15600 (epoch 4.41): 674.60 iters/sec
[2026-10-08 13:51:24] [0m] Speed at iter 15700 (epoch 4.44): 679.46 iters/sec
[2026-10-08 13:51:24] [0m] Speed at iter 15800 (epoch 4.46): 644.27 iters/sec
[2026-10-08 13:51:24] [0m] Speed at iter 15900 (epoch 4.49): 677.14 iters/sec
[2026-10-08 13:51:24] [0m] Step 16000 | Epoch   4.52 | train loss 2.1498 | val loss 2.1628 | lr 1.23e-04
  Saved rolling checkpoint to pt/yawl_word_1L1H_e20_untied_cuda_rolling.pt (iter 16000, val 2.1628)
[2026-10-08 13:51:24] [0m] Speed at iter 16000 (epoch 4.52): 599.00 iters/sec
iter 16000: loss 2.0879, time 18.78ms, mfu 0.00%
[2026-10-08 13:51:25] [0m] Speed at iter 16100 (epoch 4.55): 677.57 iters/sec
[2026-10-08 13:51:25] [0m] Speed at iter 16200 (epoch 4.58): 683.03 iters/sec
[2026-10-08 13:51:25] [0m] Speed at iter 16300 (epoch 4.60): 689.63 iters/sec
[2026-10-08 13:51:25] [0m] Speed at iter 16400 (epoch 4.63): 644.30 iters/sec
[2026-10-08 13:51:25] [0m] Step 16500 | Epoch   4.66 | train loss 2.1397 | val loss 2.1539 | lr 1.09e-04
  Saved rolling checkpoint to pt/yawl_word_1L1H_e20_untied_cuda_rolling.pt (iter 16500, val 2.1539)
[2026-10-08 13:51:25] [0m] Speed at iter 16500 (epoch 4.66): 592.11 iters/sec
iter 16500: loss 2.1509, time 19.02ms, mfu 0.00%
[2026-10-08 13:51:25] [0m] Speed at iter 16600 (epoch 4.69): 684.19 iters/sec
[2026-10-08 13:51:26] [0m] Speed at iter 16700 (epoch 4.72): 680.94 iters/sec
[2026-10-08 13:51:26] [0m] Speed at iter 16800 (epoch 4.75): 690.62 iters/sec
[2026-10-08 13:51:26] [0m] Speed at iter 16900 (epoch 4.77): 685.00 iters/sec
[2026-10-08 13:51:26] [0m] Step 17000 | Epoch   4.80 | train loss 2.1629 | val loss 2.1534 | lr 9.62e-05
  Saved rolling checkpoint to pt/yawl_word_1L1H_e20_untied_cuda_rolling.pt (iter 17000, val 2.1534)
[2026-10-08 13:51:26] [0m] Speed at iter 17000 (epoch 4.80): 605.64 iters/sec
iter 17000: loss 2.1721, time 18.69ms, mfu 0.00%
[2026-10-08 13:51:26] [0m] Speed at iter 17100 (epoch 4.83): 668.58 iters/sec
[2026-10-08 13:51:26] [0m] Speed at iter 17200 (epoch 4.86): 671.35 iters/sec
[2026-10-08 13:51:26] [0m] Speed at iter 17300 (epoch 4.89): 679.08 iters/sec
[2026-10-08 13:51:27] [0m] Speed at iter 17400 (epoch 4.92): 696.78 iters/sec
[2026-10-08 13:51:27] [0m] Step 17500 | Epoch   4.94 | train loss 2.1609 | val loss 2.1476 | lr 8.53e-05
  Saved rolling checkpoint to pt/yawl_word_1L1H_e20_untied_cuda_rolling.pt (iter 17500, val 2.1476)
[2026-10-08 13:51:27] [0m] Saved periodic checkpoint to pt/yawl_word_1L1H_e20_untied_cuda_iter17500.pt (iter 17500, epoch 4.94)
[2026-10-08 13:51:27] [0m] Speed at iter 17500 (epoch 4.94): 605.66 iters/sec
iter 17500: loss 2.1921, time 20.59ms, mfu 0.00%
[2026-10-08 13:51:27] [0m] Speed at iter 17600 (epoch 4.97): 665.68 iters/sec
[2026-10-08 13:51:27] [0m] Speed at iter 17700 (epoch 5.00): 660.36 iters/sec
[2026-10-08 13:51:27] [0m] Speed at iter 17800 (epoch 5.03): 680.39 iters/sec
[2026-10-08 13:51:27] [0m] Speed at iter 17900 (epoch 5.06): 675.40 iters/sec
[2026-10-08 13:51:28] [0m] Step 18000 | Epoch   5.09 | train loss 2.1530 | val loss 2.1599 | lr 7.63e-05
  Saved rolling checkpoint to pt/yawl_word_1L1H_e20_untied_cuda_rolling.pt (iter 18000, val 2.1599)
[2026-10-08 13:51:28] [0m] Speed at iter 18000 (epoch 5.09): 614.25 iters/sec
iter 18000: loss 2.1167, time 18.74ms, mfu 0.00%
[2026-10-08 13:51:28] [0m] Speed at iter 18100 (epoch 5.11): 686.44 iters/sec
[2026-10-08 13:51:28] [0m] Speed at iter 18200 (epoch 5.14): 685.89 iters/sec
[2026-10-08 13:51:28] [0m] Speed at iter 18300 (epoch 5.17): 688.69 iters/sec
[2026-10-08 13:51:28] [0m] Speed at iter 18400 (epoch 5.20): 654.57 iters/sec
[2026-10-08 13:51:28] [0m] Step 18500 | Epoch   5.23 | train loss 2.1443 | val loss 2.1541 | lr 6.92e-05
  Saved rolling checkpoint to pt/yawl_word_1L1H_e20_untied_cuda_rolling.pt (iter 18500, val 2.1541)
[2026-10-08 13:51:28] [0m] Speed at iter 18500 (epoch 5.23): 601.68 iters/sec
iter 18500: loss 2.2268, time 19.23ms, mfu 0.00%
[2026-10-08 13:51:28] [0m] Speed at iter 18600 (epoch 5.25): 688.35 iters/sec
[2026-10-08 13:51:29] [0m] Speed at iter 18700 (epoch 5.28): 685.34 iters/sec
[2026-10-08 13:51:29] [0m] Speed at iter 18800 (epoch 5.31): 678.96 iters/sec
[2026-10-08 13:51:29] [0m] Speed at iter 18900 (epoch 5.34): 693.47 iters/sec
[2026-10-08 13:51:29] [0m] Step 19000 | Epoch   5.37 | train loss 2.1502 | val loss 2.1549 | lr 6.41e-05
  Saved rolling checkpoint to pt/yawl_word_1L1H_e20_untied_cuda_rolling.pt (iter 19000, val 2.1549)
[2026-10-08 13:51:29] [0m] Speed at iter 19000 (epoch 5.37): 595.69 iters/sec
iter 19000: loss 2.1185, time 18.72ms, mfu 0.00%
[2026-10-08 13:51:29] [0m] Speed at iter 19100 (epoch 5.40): 675.06 iters/sec
[2026-10-08 13:51:29] [0m] Speed at iter 19200 (epoch 5.42): 669.02 iters/sec
[2026-10-08 13:51:29] [0m] Speed at iter 19300 (epoch 5.45): 687.92 iters/sec
[2026-10-08 13:51:30] [0m] Speed at iter 19400 (epoch 5.48): 688.51 iters/sec
[2026-10-08 13:51:30] [0m] Step 19500 | Epoch   5.51 | train loss 2.1564 | val loss 2.1460 | lr 6.10e-05
  Saved rolling checkpoint to pt/yawl_word_1L1H_e20_untied_cuda_rolling.pt (iter 19500, val 2.1460)
[2026-10-08 13:51:30] [0m] Speed at iter 19500 (epoch 5.51): 608.68 iters/sec
iter 19500: loss 2.1944, time 20.00ms, mfu 0.00%
[2026-10-08 13:51:30] [0m] Speed at iter 19600 (epoch 5.54): 680.38 iters/sec
[2026-10-08 13:51:30] [0m] Speed at iter 19700 (epoch 5.57): 684.38 iters/sec
[2026-10-08 13:51:30] [0m] Speed at iter 19800 (epoch 5.59): 684.02 iters/sec
[2026-10-08 13:51:30] [0m] Speed at iter 19900 (epoch 5.62): 674.44 iters/sec

[2026-10-08 13:51:31] [0m] Training complete!
Mode: word
Tokenizer: char
Attention type: softmax
Final iteration: 20000, Final epoch: 5.65
Best validation loss: 2.1448
[2026-10-08 13:51:31] Saving final model to pt/yawl_word_1L1H_e20_untied_cuda_final.pt
Final model saved to: pt/yawl_word_1L1H_e20_untied_cuda
============================================================

[2026-10-08 13:51:31] Final sample from trained model:
licklaphicizes
farrefied
remet
wein
discherlarial
trothy
subsan
unnitings
iattitologies
refleds
hispings
reckariogal
zeepers
tennietus
uncher
velaigonial
suellisate
pricropogric
spored
keinduably

=== n_embd=20: finished at Thu Oct  8 01:51:31 PM EDT 2026 ===

========================================
=== n_embd=16: starting ===
  output: pt/yawl_word_1L1H_e16_untied_cuda.pt
  log:    terminal_logs/terminal_log_for_yawl_word_1L1H_e16_untied_cuda_2026_10_08_1349.txt
========================================
[2026-10-08 13:51:32] Using device: cuda
[2026-10-08 13:51:32] Seeded torch RNG with --seed 1337
[2026-10-08 13:51:32] Using precision: float32 (requested: float32)
[2026-10-08 13:51:32] Training mode: word
[2026-10-08 13:51:32] Reading input from txt_local/yawl_word_list_width_26.txt
[2026-10-08 13:51:32] Read 2,721,922 characters
[2026-10-08 13:51:32] Training char tokenizer...
CharTokenizer: Built vocabulary of 27 characters
[2026-10-08 13:51:32] Padding token ID: 27
[2026-10-08 13:51:32] Preparing word blocks from 264097 words...
[2026-10-08 13:51:33] Created 251710 word blocks
[2026-10-08 13:51:33] Skipped 12387 words (too long for block_size=17)
[2026-10-08 13:51:33] Training blocks: 226,539 (3,851,163 tokens)
[2026-10-08 13:51:33] Validation blocks: 25171
[2026-10-08 13:51:33] Saving tokenizer to pt/yawl_word_1L1H_e16_untied_cuda_meta.pkl
[2026-10-08 13:51:33] Initializing new model...
  Vocabulary size: 27 (+ 1 padding token = 28)
number of parameters: 0.00M (softmax attention, untied weights)
num decayed parameter tensors: 7, with 4,240 parameters
num non-decayed parameter tensors: 10, with 240 parameters
using fused AdamW: False

[2026-10-08 13:51:33] Starting training...
Command line: py/train.py --input txt_local/yawl_word_list_width_26.txt --output pt/yawl_word_1L1H_e16_untied_cuda --checkpoints_to pt --mode word --tokenizer char --untie_weights --n_layer 1 --n_head 1 --n_embd 16 --block_size 17 --max_iters 20000 --seed 1337 --no_fused --batch_size 64 --learning_rate 6e-4 --warmup_iters 2000 --dropout 0.0 --val_split 0.1 --precision float32 --eval_interval 500 --eval_iters 20 --save_interval 2500 --log_interval 500 --sample_interval 100000000

--- Mode and tokenizer ---
  mode:               word
  tokenizer:          char
  vocab_size:         27 (+ 1 padding = 28)
  padding token ID:   27
  attention type:     softmax
  precision:          float32
--- Architecture ---
  n_layer:            1
  n_head:             1
  n_embd:             16
  block_size:         17
  dropout:            0.0
  bias:               True  (LayerNorm + Linear bias)
  tie_weights:        False
  no_gelu:            False
  no_bias:            False
--- Training ---
  batch_size:         64
  grad_accum_steps:   1
  max_iters:          20000
  learning_rate:      6.00e-04 (target after warmup)
  min_lr (cosine):    6.00e-05
  warmup_iters:       2000
  weight_decay:       0.1 (decay tensors), 0.0 (no-decay tensors)  [hardcoded]
  betas:              (0.9, 0.95)  [hardcoded]
  grad_clip:          1.0  [hardcoded]
--- Data ---
  input:              txt_local/yawl_word_list_width_26.txt
  val_split:          0.1
--- Logging ---
  log_interval:       500
  eval_interval:      500
  eval_iters:         20
  save_interval:      2500
  sample_interval:    100000000
  sample_max_tokens:  128
--- Output ---
  output:             pt/yawl_word_1L1H_e16_untied_cuda
  checkpoints_to:     pt
  rolling_save:       pt/yawl_word_1L1H_e16_untied_cuda_rolling.pt (written every eval_interval)
============================================================
[2026-10-08 13:51:33] [0m] Step     0 | Epoch   0.00 | train loss 3.3404 | val loss 3.3409 | lr 0.00e+00
iter 0: loss 3.3392, time 182.14ms, mfu -100.00%
[2026-10-08 13:51:33] [0m] Speed at iter 100 (epoch 0.03): 294.30 iters/sec
[2026-10-08 13:51:34] [0m] Speed at iter 200 (epoch 0.06): 615.85 iters/sec
[2026-10-08 13:51:34] [0m] Speed at iter 300 (epoch 0.08): 671.56 iters/sec
[2026-10-08 13:51:34] [0m] Speed at iter 400 (epoch 0.11): 662.55 iters/sec
[2026-10-08 13:51:34] [0m] Step   500 | Epoch   0.14 | train loss 2.9963 | val loss 2.9950 | lr 1.50e-04
  Saved checkpoint to pt/yawl_word_1L1H_e16_untied_cuda (best val loss: 2.9950)
  Saved rolling checkpoint to pt/yawl_word_1L1H_e16_untied_cuda_rolling.pt (iter 500, val 2.9950)
[2026-10-08 13:51:34] [0m] Speed at iter 500 (epoch 0.14): 525.03 iters/sec
iter 500: loss 3.0089, time 22.42ms, mfu 0.00%
[2026-10-08 13:51:34] [0m] Speed at iter 600 (epoch 0.17): 630.48 iters/sec
[2026-10-08 13:51:34] [0m] Speed at iter 700 (epoch 0.20): 619.71 iters/sec
[2026-10-08 13:51:35] [0m] Speed at iter 800 (epoch 0.23): 711.47 iters/sec
[2026-10-08 13:51:35] [0m] Speed at iter 900 (epoch 0.25): 674.80 iters/sec
[2026-10-08 13:51:35] [0m] Step  1000 | Epoch   0.28 | train loss 2.5662 | val loss 2.5683 | lr 3.00e-04
  Saved checkpoint to pt/yawl_word_1L1H_e16_untied_cuda (best val loss: 2.5683)
  Saved rolling checkpoint to pt/yawl_word_1L1H_e16_untied_cuda_rolling.pt (iter 1000, val 2.5683)
[2026-10-08 13:51:35] [0m] Speed at iter 1000 (epoch 0.28): 589.73 iters/sec
iter 1000: loss 2.5682, time 20.86ms, mfu 0.00%
[2026-10-08 13:51:35] [0m] Speed at iter 1100 (epoch 0.31): 554.60 iters/sec
[2026-10-08 13:51:35] [0m] Speed at iter 1200 (epoch 0.34): 578.45 iters/sec
[2026-10-08 13:51:35] [0m] Speed at iter 1300 (epoch 0.37): 633.25 iters/sec
[2026-10-08 13:51:35] [0m] Speed at iter 1400 (epoch 0.40): 687.38 iters/sec
[2026-10-08 13:51:36] [0m] Step  1500 | Epoch   0.42 | train loss 2.4180 | val loss 2.4176 | lr 4.50e-04
  Saved checkpoint to pt/yawl_word_1L1H_e16_untied_cuda (best val loss: 2.4176)
  Saved rolling checkpoint to pt/yawl_word_1L1H_e16_untied_cuda_rolling.pt (iter 1500, val 2.4176)
[2026-10-08 13:51:36] [0m] Speed at iter 1500 (epoch 0.42): 556.55 iters/sec
iter 1500: loss 2.4228, time 21.03ms, mfu 0.00%
[2026-10-08 13:51:36] [0m] Speed at iter 1600 (epoch 0.45): 684.28 iters/sec
[2026-10-08 13:51:36] [0m] Speed at iter 1700 (epoch 0.48): 694.85 iters/sec
[2026-10-08 13:51:36] [0m] Speed at iter 1800 (epoch 0.51): 672.65 iters/sec
[2026-10-08 13:51:36] [0m] Speed at iter 1900 (epoch 0.54): 690.28 iters/sec
[2026-10-08 13:51:36] [0m] Step  2000 | Epoch   0.57 | train loss 2.3793 | val loss 2.3796 | lr 6.00e-04
  Saved checkpoint to pt/yawl_word_1L1H_e16_untied_cuda (best val loss: 2.3796)
  Saved rolling checkpoint to pt/yawl_word_1L1H_e16_untied_cuda_rolling.pt (iter 2000, val 2.3796)
[2026-10-08 13:51:36] [0m] Speed at iter 2000 (epoch 0.57): 603.49 iters/sec
iter 2000: loss 2.4260, time 20.33ms, mfu 0.00%
[2026-10-08 13:51:37] [0m] Speed at iter 2100 (epoch 0.59): 697.66 iters/sec
[2026-10-08 13:51:37] [0m] Speed at iter 2200 (epoch 0.62): 672.48 iters/sec
[2026-10-08 13:51:37] [0m] Speed at iter 2300 (epoch 0.65): 691.90 iters/sec
[2026-10-08 13:51:37] [0m] Speed at iter 2400 (epoch 0.68): 694.04 iters/sec
[2026-10-08 13:51:37] [0m] Step  2500 | Epoch   0.71 | train loss 2.3219 | val loss 2.3325 | lr 5.99e-04
  Saved checkpoint to pt/yawl_word_1L1H_e16_untied_cuda (best val loss: 2.3325)
  Saved rolling checkpoint to pt/yawl_word_1L1H_e16_untied_cuda_rolling.pt (iter 2500, val 2.3325)
[2026-10-08 13:51:37] [0m] Saved periodic checkpoint to pt/yawl_word_1L1H_e16_untied_cuda_iter2500.pt (iter 2500, epoch 0.71)
[2026-10-08 13:51:37] [0m] Speed at iter 2500 (epoch 0.71): 592.41 iters/sec
iter 2500: loss 2.3555, time 23.24ms, mfu 0.00%
[2026-10-08 13:51:37] [0m] Speed at iter 2600 (epoch 0.73): 674.83 iters/sec
[2026-10-08 13:51:37] [0m] Speed at iter 2700 (epoch 0.76): 691.02 iters/sec
[2026-10-08 13:51:38] [0m] Speed at iter 2800 (epoch 0.79): 686.58 iters/sec
[2026-10-08 13:51:38] [0m] Speed at iter 2900 (epoch 0.82): 691.09 iters/sec
[2026-10-08 13:51:38] [0m] Step  3000 | Epoch   0.85 | train loss 2.3191 | val loss 2.3174 | lr 5.96e-04
  Saved checkpoint to pt/yawl_word_1L1H_e16_untied_cuda (best val loss: 2.3174)
  Saved rolling checkpoint to pt/yawl_word_1L1H_e16_untied_cuda_rolling.pt (iter 3000, val 2.3174)
[2026-10-08 13:51:38] [0m] Speed at iter 3000 (epoch 0.85): 609.99 iters/sec
iter 3000: loss 2.2957, time 20.69ms, mfu 0.00%
[2026-10-08 13:51:38] [0m] Speed at iter 3100 (epoch 0.88): 685.63 iters/sec
[2026-10-08 13:51:38] [0m] Speed at iter 3200 (epoch 0.90): 673.33 iters/sec
[2026-10-08 13:51:38] [0m] Speed at iter 3300 (epoch 0.93): 672.84 iters/sec
[2026-10-08 13:51:38] [0m] Speed at iter 3400 (epoch 0.96): 695.95 iters/sec
[2026-10-08 13:51:39] [0m] Step  3500 | Epoch   0.99 | train loss 2.2945 | val loss 2.3098 | lr 5.91e-04
  Saved checkpoint to pt/yawl_word_1L1H_e16_untied_cuda (best val loss: 2.3098)
  Saved rolling checkpoint to pt/yawl_word_1L1H_e16_untied_cuda_rolling.pt (iter 3500, val 2.3098)
[2026-10-08 13:51:39] [0m] Speed at iter 3500 (epoch 0.99): 601.68 iters/sec
iter 3500: loss 2.2585, time 20.27ms, mfu 0.00%
[2026-10-08 13:51:39] [0m] Speed at iter 3600 (epoch 1.02): 696.22 iters/sec
[2026-10-08 13:51:39] [0m] Speed at iter 3700 (epoch 1.05): 693.49 iters/sec
[2026-10-08 13:51:39] [0m] Speed at iter 3800 (epoch 1.07): 661.29 iters/sec
[2026-10-08 13:51:39] [0m] Speed at iter 3900 (epoch 1.10): 690.02 iters/sec
[2026-10-08 13:51:39] [0m] Step  4000 | Epoch   1.13 | train loss 2.3017 | val loss 2.2866 | lr 5.84e-04
  Saved checkpoint to pt/yawl_word_1L1H_e16_untied_cuda (best val loss: 2.2866)
  Saved rolling checkpoint to pt/yawl_word_1L1H_e16_untied_cuda_rolling.pt (iter 4000, val 2.2866)
[2026-10-08 13:51:39] [0m] Speed at iter 4000 (epoch 1.13): 600.99 iters/sec
iter 4000: loss 2.2812, time 21.81ms, mfu 0.00%
[2026-10-08 13:51:40] [0m] Speed at iter 4100 (epoch 1.16): 676.77 iters/sec
[2026-10-08 13:51:40] [0m] Speed at iter 4200 (epoch 1.19): 670.11 iters/sec
[2026-10-08 13:51:40] [0m] Speed at iter 4300 (epoch 1.21): 675.38 iters/sec
[2026-10-08 13:51:40] [0m] Speed at iter 4400 (epoch 1.24): 716.47 iters/sec
[2026-10-08 13:51:40] [0m] Step  4500 | Epoch   1.27 | train loss 2.2595 | val loss 2.2538 | lr 5.75e-04
  Saved checkpoint to pt/yawl_word_1L1H_e16_untied_cuda (best val loss: 2.2538)
  Saved rolling checkpoint to pt/yawl_word_1L1H_e16_untied_cuda_rolling.pt (iter 4500, val 2.2538)
[2026-10-08 13:51:40] [0m] Speed at iter 4500 (epoch 1.27): 595.97 iters/sec
iter 4500: loss 2.3103, time 20.29ms, mfu 0.00%
[2026-10-08 13:51:40] [0m] Speed at iter 4600 (epoch 1.30): 626.86 iters/sec
[2026-10-08 13:51:40] [0m] Speed at iter 4700 (epoch 1.33): 631.13 iters/sec
[2026-10-08 13:51:41] [0m] Speed at iter 4800 (epoch 1.36): 691.84 iters/sec
[2026-10-08 13:51:41] [0m] Speed at iter 4900 (epoch 1.38): 688.60 iters/sec
[2026-10-08 13:51:41] [0m] Step  5000 | Epoch   1.41 | train loss 2.2710 | val loss 2.2654 | lr 5.64e-04
  Saved rolling checkpoint to pt/yawl_word_1L1H_e16_untied_cuda_rolling.pt (iter 5000, val 2.2654)
[2026-10-08 13:51:41] [0m] Saved periodic checkpoint to pt/yawl_word_1L1H_e16_untied_cuda_iter5000.pt (iter 5000, epoch 1.41)
[2026-10-08 13:51:41] [0m] Speed at iter 5000 (epoch 1.41): 596.26 iters/sec
iter 5000: loss 2.2508, time 19.68ms, mfu 0.00%
[2026-10-08 13:51:41] [0m] Speed at iter 5100 (epoch 1.44): 684.83 iters/sec
[2026-10-08 13:51:41] [0m] Speed at iter 5200 (epoch 1.47): 697.16 iters/sec
[2026-10-08 13:51:41] [0m] Speed at iter 5300 (epoch 1.50): 665.49 iters/sec
[2026-10-08 13:51:42] [0m] Speed at iter 5400 (epoch 1.53): 689.14 iters/sec
[2026-10-08 13:51:42] [0m] Step  5500 | Epoch   1.55 | train loss 2.2585 | val loss 2.2552 | lr 5.51e-04
  Saved rolling checkpoint to pt/yawl_word_1L1H_e16_untied_cuda_rolling.pt (iter 5500, val 2.2552)
[2026-10-08 13:51:42] [0m] Speed at iter 5500 (epoch 1.55): 619.74 iters/sec
iter 5500: loss 2.2856, time 18.58ms, mfu 0.00%
[2026-10-08 13:51:42] [0m] Speed at iter 5600 (epoch 1.58): 695.22 iters/sec
[2026-10-08 13:51:42] [0m] Speed at iter 5700 (epoch 1.61): 696.21 iters/sec
[2026-10-08 13:51:42] [0m] Speed at iter 5800 (epoch 1.64): 676.01 iters/sec
[2026-10-08 13:51:42] [0m] Speed at iter 5900 (epoch 1.67): 687.45 iters/sec
[2026-10-08 13:51:42] [0m] Step  6000 | Epoch   1.70 | train loss 2.2429 | val loss 2.2549 | lr 5.37e-04
  Saved rolling checkpoint to pt/yawl_word_1L1H_e16_untied_cuda_rolling.pt (iter 6000, val 2.2549)
[2026-10-08 13:51:42] [0m] Speed at iter 6000 (epoch 1.70): 605.24 iters/sec
iter 6000: loss 2.2475, time 20.19ms, mfu 0.00%
[2026-10-08 13:51:43] [0m] Speed at iter 6100 (epoch 1.72): 694.23 iters/sec
[2026-10-08 13:51:43] [0m] Speed at iter 6200 (epoch 1.75): 689.30 iters/sec
[2026-10-08 13:51:43] [0m] Speed at iter 6300 (epoch 1.78): 685.61 iters/sec
[2026-10-08 13:51:43] [0m] Speed at iter 6400 (epoch 1.81): 692.40 iters/sec
[2026-10-08 13:51:43] [0m] Step  6500 | Epoch   1.84 | train loss 2.2576 | val loss 2.2390 | lr 5.21e-04
  Saved checkpoint to pt/yawl_word_1L1H_e16_untied_cuda (best val loss: 2.2390)
  Saved rolling checkpoint to pt/yawl_word_1L1H_e16_untied_cuda_rolling.pt (iter 6500, val 2.2390)
[2026-10-08 13:51:43] [0m] Speed at iter 6500 (epoch 1.84): 590.93 iters/sec
iter 6500: loss 2.2557, time 19.91ms, mfu 0.00%
[2026-10-08 13:51:43] [0m] Speed at iter 6600 (epoch 1.86): 617.34 iters/sec
[2026-10-08 13:51:43] [0m] Speed at iter 6700 (epoch 1.89): 692.67 iters/sec
[2026-10-08 13:51:44] [0m] Speed at iter 6800 (epoch 1.92): 683.15 iters/sec
[2026-10-08 13:51:44] [0m] Speed at iter 6900 (epoch 1.95): 682.14 iters/sec
[2026-10-08 13:51:44] [0m] Step  7000 | Epoch   1.98 | train loss 2.2423 | val loss 2.2204 | lr 5.04e-04
  Saved checkpoint to pt/yawl_word_1L1H_e16_untied_cuda (best val loss: 2.2204)
  Saved rolling checkpoint to pt/yawl_word_1L1H_e16_untied_cuda_rolling.pt (iter 7000, val 2.2204)
[2026-10-08 13:51:44] [0m] Speed at iter 7000 (epoch 1.98): 600.92 iters/sec
iter 7000: loss 2.2636, time 19.80ms, mfu 0.00%
[2026-10-08 13:51:44] [0m] Speed at iter 7100 (epoch 2.01): 670.62 iters/sec
[2026-10-08 13:51:44] [0m] Speed at iter 7200 (epoch 2.03): 682.89 iters/sec
[2026-10-08 13:51:44] [0m] Speed at iter 7300 (epoch 2.06): 676.55 iters/sec
[2026-10-08 13:51:45] [0m] Speed at iter 7400 (epoch 2.09): 680.39 iters/sec
[2026-10-08 13:51:45] [0m] Step  7500 | Epoch   2.12 | train loss 2.2246 | val loss 2.2470 | lr 4.85e-04
  Saved rolling checkpoint to pt/yawl_word_1L1H_e16_untied_cuda_rolling.pt (iter 7500, val 2.2470)
[2026-10-08 13:51:45] [0m] Saved periodic checkpoint to pt/yawl_word_1L1H_e16_untied_cuda_iter7500.pt (iter 7500, epoch 2.12)
[2026-10-08 13:51:45] [0m] Speed at iter 7500 (epoch 2.12): 606.27 iters/sec
iter 7500: loss 2.2295, time 20.35ms, mfu 0.00%
[2026-10-08 13:51:45] [0m] Speed at iter 7600 (epoch 2.15): 693.43 iters/sec
[2026-10-08 13:51:45] [0m] Speed at iter 7700 (epoch 2.18): 687.41 iters/sec
[2026-10-08 13:51:45] [0m] Speed at iter 7800 (epoch 2.20): 666.00 iters/sec
[2026-10-08 13:51:45] [0m] Speed at iter 7900 (epoch 2.23): 674.60 iters/sec
[2026-10-08 13:51:45] [0m] Step  8000 | Epoch   2.26 | train loss 2.2452 | val loss 2.2469 | lr 4.65e-04
  Saved rolling checkpoint to pt/yawl_word_1L1H_e16_untied_cuda_rolling.pt (iter 8000, val 2.2469)
[2026-10-08 13:51:45] [0m] Speed at iter 8000 (epoch 2.26): 612.82 iters/sec
iter 8000: loss 2.2221, time 19.56ms, mfu 0.00%
[2026-10-08 13:51:46] [0m] Speed at iter 8100 (epoch 2.29): 691.32 iters/sec
[2026-10-08 13:51:46] [0m] Speed at iter 8200 (epoch 2.32): 681.90 iters/sec
[2026-10-08 13:51:46] [0m] Speed at iter 8300 (epoch 2.34): 694.89 iters/sec
[2026-10-08 13:51:46] [0m] Speed at iter 8400 (epoch 2.37): 689.27 iters/sec
[2026-10-08 13:51:46] [0m] Step  8500 | Epoch   2.40 | train loss 2.2298 | val loss 2.2220 | lr 4.44e-04
  Saved rolling checkpoint to pt/yawl_word_1L1H_e16_untied_cuda_rolling.pt (iter 8500, val 2.2220)
[2026-10-08 13:51:46] [0m] Speed at iter 8500 (epoch 2.40): 594.30 iters/sec
iter 8500: loss 2.2810, time 18.34ms, mfu 0.00%
[2026-10-08 13:51:46] [0m] Speed at iter 8600 (epoch 2.43): 666.46 iters/sec
[2026-10-08 13:51:47] [0m] Speed at iter 8700 (epoch 2.46): 692.36 iters/sec
[2026-10-08 13:51:47] [0m] Speed at iter 8800 (epoch 2.49): 696.15 iters/sec
[2026-10-08 13:51:47] [0m] Speed at iter 8900 (epoch 2.51): 678.19 iters/sec
[2026-10-08 13:51:47] [0m] Step  9000 | Epoch   2.54 | train loss 2.2320 | val loss 2.2285 | lr 4.22e-04
  Saved rolling checkpoint to pt/yawl_word_1L1H_e16_untied_cuda_rolling.pt (iter 9000, val 2.2285)
[2026-10-08 13:51:47] [0m] Speed at iter 9000 (epoch 2.54): 608.82 iters/sec
iter 9000: loss 2.2920, time 18.48ms, mfu 0.00%
[2026-10-08 13:51:47] [0m] Speed at iter 9100 (epoch 2.57): 681.46 iters/sec
[2026-10-08 13:51:47] [0m] Speed at iter 9200 (epoch 2.60): 683.70 iters/sec
[2026-10-08 13:51:47] [0m] Speed at iter 9300 (epoch 2.63): 681.35 iters/sec
[2026-10-08 13:51:48] [0m] Speed at iter 9400 (epoch 2.66): 685.44 iters/sec
[2026-10-08 13:51:48] [0m] Step  9500 | Epoch   2.68 | train loss 2.2151 | val loss 2.2310 | lr 4.00e-04
  Saved rolling checkpoint to pt/yawl_word_1L1H_e16_untied_cuda_rolling.pt (iter 9500, val 2.2310)
[2026-10-08 13:51:48] [0m] Speed at iter 9500 (epoch 2.68): 603.52 iters/sec
iter 9500: loss 2.2421, time 20.41ms, mfu 0.00%
[2026-10-08 13:51:48] [0m] Speed at iter 9600 (epoch 2.71): 680.25 iters/sec
[2026-10-08 13:51:48] [0m] Speed at iter 9700 (epoch 2.74): 690.06 iters/sec
[2026-10-08 13:51:48] [0m] Speed at iter 9800 (epoch 2.77): 660.43 iters/sec
[2026-10-08 13:51:48] [0m] Speed at iter 9900 (epoch 2.80): 654.35 iters/sec
[2026-10-08 13:51:48] [0m] Step 10000 | Epoch   2.83 | train loss 2.2218 | val loss 2.2152 | lr 3.77e-04
  Saved checkpoint to pt/yawl_word_1L1H_e16_untied_cuda (best val loss: 2.2152)
  Saved rolling checkpoint to pt/yawl_word_1L1H_e16_untied_cuda_rolling.pt (iter 10000, val 2.2152)
[2026-10-08 13:51:48] [0m] Saved periodic checkpoint to pt/yawl_word_1L1H_e16_untied_cuda_iter10000.pt (iter 10000, epoch 2.83)
[2026-10-08 13:51:48] [0m] Speed at iter 10000 (epoch 2.83): 603.58 iters/sec
iter 10000: loss 2.2459, time 21.60ms, mfu 0.00%
[2026-10-08 13:51:49] [0m] Speed at iter 10100 (epoch 2.85): 687.54 iters/sec
[2026-10-08 13:51:49] [0m] Speed at iter 10200 (epoch 2.88): 689.95 iters/sec
[2026-10-08 13:51:49] [0m] Speed at iter 10300 (epoch 2.91): 695.64 iters/sec
[2026-10-08 13:51:49] [0m] Speed at iter 10400 (epoch 2.94): 680.02 iters/sec
[2026-10-08 13:51:49] [0m] Step 10500 | Epoch   2.97 | train loss 2.2105 | val loss 2.2193 | lr 3.54e-04
  Saved rolling checkpoint to pt/yawl_word_1L1H_e16_untied_cuda_rolling.pt (iter 10500, val 2.2193)
[2026-10-08 13:51:49] [0m] Speed at iter 10500 (epoch 2.97): 600.09 iters/sec
iter 10500: loss 2.2468, time 18.52ms, mfu 0.00%
[2026-10-08 13:51:49] [0m] Speed at iter 10600 (epoch 2.99): 667.55 iters/sec
[2026-10-08 13:51:50] [0m] Speed at iter 10700 (epoch 3.02): 695.99 iters/sec
[2026-10-08 13:51:50] [0m] Speed at iter 10800 (epoch 3.05): 689.82 iters/sec
[2026-10-08 13:51:50] [0m] Speed at iter 10900 (epoch 3.08): 694.72 iters/sec
[2026-10-08 13:51:50] [0m] Step 11000 | Epoch   3.11 | train loss 2.2110 | val loss 2.2227 | lr 3.30e-04
  Saved rolling checkpoint to pt/yawl_word_1L1H_e16_untied_cuda_rolling.pt (iter 11000, val 2.2227)
[2026-10-08 13:51:50] [0m] Speed at iter 11000 (epoch 3.11): 604.92 iters/sec
iter 11000: loss 2.1960, time 20.28ms, mfu 0.00%
[2026-10-08 13:51:50] [0m] Speed at iter 11100 (epoch 3.14): 666.70 iters/sec
[2026-10-08 13:51:50] [0m] Speed at iter 11200 (epoch 3.16): 691.81 iters/sec
[2026-10-08 13:51:50] [0m] Speed at iter 11300 (epoch 3.19): 678.93 iters/sec
[2026-10-08 13:51:51] [0m] Speed at iter 11400 (epoch 3.22): 687.38 iters/sec
[2026-10-08 13:51:51] [0m] Step 11500 | Epoch   3.25 | train loss 2.2118 | val loss 2.2288 | lr 3.06e-04
  Saved rolling checkpoint to pt/yawl_word_1L1H_e16_untied_cuda_rolling.pt (iter 11500, val 2.2288)
[2026-10-08 13:51:51] [0m] Speed at iter 11500 (epoch 3.25): 624.37 iters/sec
iter 11500: loss 2.2189, time 18.17ms, mfu 0.00%
[2026-10-08 13:51:51] [0m] Speed at iter 11600 (epoch 3.28): 689.59 iters/sec
[2026-10-08 13:51:51] [0m] Speed at iter 11700 (epoch 3.31): 688.36 iters/sec
[2026-10-08 13:51:51] [0m] Speed at iter 11800 (epoch 3.33): 682.23 iters/sec
[2026-10-08 13:51:51] [0m] Speed at iter 11900 (epoch 3.36): 680.94 iters/sec
[2026-10-08 13:51:51] [0m] Step 12000 | Epoch   3.39 | train loss 2.2154 | val loss 2.2015 | lr 2.83e-04
  Saved checkpoint to pt/yawl_word_1L1H_e16_untied_cuda (best val loss: 2.2015)
  Saved rolling checkpoint to pt/yawl_word_1L1H_e16_untied_cuda_rolling.pt (iter 12000, val 2.2015)
[2026-10-08 13:51:51] [0m] Speed at iter 12000 (epoch 3.39): 616.26 iters/sec
iter 12000: loss 2.2019, time 19.66ms, mfu 0.00%
[2026-10-08 13:51:52] [0m] Speed at iter 12100 (epoch 3.42): 698.12 iters/sec
[2026-10-08 13:51:52] [0m] Speed at iter 12200 (epoch 3.45): 689.91 iters/sec
[2026-10-08 13:51:52] [0m] Speed at iter 12300 (epoch 3.47): 690.80 iters/sec
[2026-10-08 13:51:52] [0m] Speed at iter 12400 (epoch 3.50): 681.65 iters/sec
[2026-10-08 13:51:52] [0m] Step 12500 | Epoch   3.53 | train loss 2.2148 | val loss 2.2079 | lr 2.60e-04
  Saved rolling checkpoint to pt/yawl_word_1L1H_e16_untied_cuda_rolling.pt (iter 12500, val 2.2079)
[2026-10-08 13:51:52] [0m] Saved periodic checkpoint to pt/yawl_word_1L1H_e16_untied_cuda_iter12500.pt (iter 12500, epoch 3.53)
[2026-10-08 13:51:52] [0m] Speed at iter 12500 (epoch 3.53): 600.31 iters/sec
iter 12500: loss 2.2725, time 20.35ms, mfu 0.00%
[2026-10-08 13:51:52] [0m] Speed at iter 12600 (epoch 3.56): 681.65 iters/sec
[2026-10-08 13:51:52] [0m] Speed at iter 12700 (epoch 3.59): 691.88 iters/sec
[2026-10-08 13:51:53] [0m] Speed at iter 12800 (epoch 3.62): 688.27 iters/sec
[2026-10-08 13:51:53] [0m] Speed at iter 12900 (epoch 3.64): 693.35 iters/sec
[2026-10-08 13:51:53] [0m] Step 13000 | Epoch   3.67 | train loss 2.2153 | val loss 2.1930 | lr 2.38e-04
  Saved checkpoint to pt/yawl_word_1L1H_e16_untied_cuda (best val loss: 2.1930)
  Saved rolling checkpoint to pt/yawl_word_1L1H_e16_untied_cuda_rolling.pt (iter 13000, val 2.1930)
[2026-10-08 13:51:53] [0m] Speed at iter 13000 (epoch 3.67): 603.58 iters/sec
iter 13000: loss 2.2449, time 20.50ms, mfu 0.00%
[2026-10-08 13:51:53] [0m] Speed at iter 13100 (epoch 3.70): 657.65 iters/sec
[2026-10-08 13:51:53] [0m] Speed at iter 13200 (epoch 3.73): 684.29 iters/sec
[2026-10-08 13:51:53] [0m] Speed at iter 13300 (epoch 3.76): 678.88 iters/sec
[2026-10-08 13:51:54] [0m] Speed at iter 13400 (epoch 3.79): 689.15 iters/sec
[2026-10-08 13:51:54] [0m] Step 13500 | Epoch   3.81 | train loss 2.2052 | val loss 2.1985 | lr 2.16e-04
  Saved rolling checkpoint to pt/yawl_word_1L1H_e16_untied_cuda_rolling.pt (iter 13500, val 2.1985)
[2026-10-08 13:51:54] [0m] Speed at iter 13500 (epoch 3.81): 617.42 iters/sec
iter 13500: loss 2.1927, time 18.18ms, mfu 0.00%
[2026-10-08 13:51:54] [0m] Speed at iter 13600 (epoch 3.84): 667.65 iters/sec
[2026-10-08 13:51:54] [0m] Speed at iter 13700 (epoch 3.87): 678.06 iters/sec
[2026-10-08 13:51:54] [0m] Speed at iter 13800 (epoch 3.90): 678.46 iters/sec
[2026-10-08 13:51:54] [0m] Speed at iter 13900 (epoch 3.93): 670.13 iters/sec
[2026-10-08 13:51:54] [0m] Step 14000 | Epoch   3.96 | train loss 2.2198 | val loss 2.2005 | lr 1.95e-04
  Saved rolling checkpoint to pt/yawl_word_1L1H_e16_untied_cuda_rolling.pt (iter 14000, val 2.2005)
[2026-10-08 13:51:54] [0m] Speed at iter 14000 (epoch 3.96): 616.29 iters/sec
iter 14000: loss 2.2369, time 18.21ms, mfu 0.00%
[2026-10-08 13:51:55] [0m] Speed at iter 14100 (epoch 3.98): 650.24 iters/sec
[2026-10-08 13:51:55] [0m] Speed at iter 14200 (epoch 4.01): 694.62 iters/sec
[2026-10-08 13:51:55] [0m] Speed at iter 14300 (epoch 4.04): 677.18 iters/sec
[2026-10-08 13:51:55] [0m] Speed at iter 14400 (epoch 4.07): 683.78 iters/sec
[2026-10-08 13:51:55] [0m] Step 14500 | Epoch   4.10 | train loss 2.1852 | val loss 2.1843 | lr 1.75e-04
  Saved checkpoint to pt/yawl_word_1L1H_e16_untied_cuda (best val loss: 2.1843)
  Saved rolling checkpoint to pt/yawl_word_1L1H_e16_untied_cuda_rolling.pt (iter 14500, val 2.1843)
[2026-10-08 13:51:55] [0m] Speed at iter 14500 (epoch 4.10): 598.88 iters/sec
iter 14500: loss 2.1998, time 20.14ms, mfu 0.00%
[2026-10-08 13:51:55] [0m] Speed at iter 14600 (epoch 4.12): 674.29 iters/sec
[2026-10-08 13:51:56] [0m] Speed at iter 14700 (epoch 4.15): 697.27 iters/sec
[2026-10-08 13:51:56] [0m] Speed at iter 14800 (epoch 4.18): 696.13 iters/sec
[2026-10-08 13:51:56] [0m] Speed at iter 14900 (epoch 4.21): 685.45 iters/sec
[2026-10-08 13:51:56] [0m] Step 15000 | Epoch   4.24 | train loss 2.1880 | val loss 2.1880 | lr 1.56e-04
  Saved rolling checkpoint to pt/yawl_word_1L1H_e16_untied_cuda_rolling.pt (iter 15000, val 2.1880)
[2026-10-08 13:51:56] [0m] Saved periodic checkpoint to pt/yawl_word_1L1H_e16_untied_cuda_iter15000.pt (iter 15000, epoch 4.24)
[2026-10-08 13:51:56] [0m] Speed at iter 15000 (epoch 4.24): 611.69 iters/sec
iter 15000: loss 2.2164, time 19.98ms, mfu 0.00%
[2026-10-08 13:51:56] [0m] Speed at iter 15100 (epoch 4.27): 660.19 iters/sec
[2026-10-08 13:51:56] [0m] Speed at iter 15200 (epoch 4.29): 692.14 iters/sec
[2026-10-08 13:51:56] [0m] Speed at iter 15300 (epoch 4.32): 684.66 iters/sec
[2026-10-08 13:51:57] [0m] Speed at iter 15400 (epoch 4.35): 688.92 iters/sec
[2026-10-08 13:51:57] [0m] Step 15500 | Epoch   4.38 | train loss 2.1891 | val loss 2.2135 | lr 1.39e-04
  Saved rolling checkpoint to pt/yawl_word_1L1H_e16_untied_cuda_rolling.pt (iter 15500, val 2.2135)
[2026-10-08 13:51:57] [0m] Speed at iter 15500 (epoch 4.38): 615.71 iters/sec
iter 15500: loss 2.2098, time 18.32ms, mfu 0.00%
[2026-10-08 13:51:57] [0m] Speed at iter 15600 (epoch 4.41): 682.03 iters/sec
[2026-10-08 13:51:57] [0m] Speed at iter 15700 (epoch 4.44): 665.63 iters/sec
[2026-10-08 13:51:57] [0m] Speed at iter 15800 (epoch 4.46): 598.40 iters/sec
[2026-10-08 13:51:57] [0m] Speed at iter 15900 (epoch 4.49): 605.73 iters/sec
[2026-10-08 13:51:58] [0m] Step 16000 | Epoch   4.52 | train loss 2.1962 | val loss 2.2052 | lr 1.23e-04
  Saved rolling checkpoint to pt/yawl_word_1L1H_e16_untied_cuda_rolling.pt (iter 16000, val 2.2052)
[2026-10-08 13:51:58] [0m] Speed at iter 16000 (epoch 4.52): 576.80 iters/sec
iter 16000: loss 2.2376, time 18.29ms, mfu 0.00%
[2026-10-08 13:51:58] [0m] Speed at iter 16100 (epoch 4.55): 684.76 iters/sec
[2026-10-08 13:51:58] [0m] Speed at iter 16200 (epoch 4.58): 681.16 iters/sec
[2026-10-08 13:51:58] [0m] Speed at iter 16300 (epoch 4.60): 679.43 iters/sec
[2026-10-08 13:51:58] [0m] Speed at iter 16400 (epoch 4.63): 678.06 iters/sec
[2026-10-08 13:51:58] [0m] Step 16500 | Epoch   4.66 | train loss 2.1966 | val loss 2.2030 | lr 1.09e-04
  Saved rolling checkpoint to pt/yawl_word_1L1H_e16_untied_cuda_rolling.pt (iter 16500, val 2.2030)
[2026-10-08 13:51:58] [0m] Speed at iter 16500 (epoch 4.66): 597.98 iters/sec
iter 16500: loss 2.1905, time 18.74ms, mfu 0.00%
[2026-10-08 13:51:58] [0m] Speed at iter 16600 (epoch 4.69): 599.98 iters/sec
[2026-10-08 13:51:59] [0m] Speed at iter 16700 (epoch 4.72): 682.85 iters/sec
[2026-10-08 13:51:59] [0m] Speed at iter 16800 (epoch 4.75): 691.39 iters/sec
[2026-10-08 13:51:59] [0m] Speed at iter 16900 (epoch 4.77): 697.77 iters/sec
[2026-10-08 13:51:59] [0m] Step 17000 | Epoch   4.80 | train loss 2.1966 | val loss 2.1919 | lr 9.62e-05
  Saved rolling checkpoint to pt/yawl_word_1L1H_e16_untied_cuda_rolling.pt (iter 17000, val 2.1919)
[2026-10-08 13:51:59] [0m] Speed at iter 17000 (epoch 4.80): 610.63 iters/sec
iter 17000: loss 2.2603, time 18.19ms, mfu 0.00%
[2026-10-08 13:51:59] [0m] Speed at iter 17100 (epoch 4.83): 678.21 iters/sec
[2026-10-08 13:51:59] [0m] Speed at iter 17200 (epoch 4.86): 680.49 iters/sec
[2026-10-08 13:51:59] [0m] Speed at iter 17300 (epoch 4.89): 691.72 iters/sec
[2026-10-08 13:52:00] [0m] Speed at iter 17400 (epoch 4.92): 684.96 iters/sec
[2026-10-08 13:52:00] [0m] Step 17500 | Epoch   4.94 | train loss 2.1818 | val loss 2.1934 | lr 8.53e-05
  Saved rolling checkpoint to pt/yawl_word_1L1H_e16_untied_cuda_rolling.pt (iter 17500, val 2.1934)
[2026-10-08 13:52:00] [0m] Saved periodic checkpoint to pt/yawl_word_1L1H_e16_untied_cuda_iter17500.pt (iter 17500, epoch 4.94)
[2026-10-08 13:52:00] [0m] Speed at iter 17500 (epoch 4.94): 598.25 iters/sec
iter 17500: loss 2.1358, time 21.26ms, mfu 0.00%
[2026-10-08 13:52:00] [0m] Speed at iter 17600 (epoch 4.97): 688.00 iters/sec
[2026-10-08 13:52:00] [0m] Speed at iter 17700 (epoch 5.00): 681.44 iters/sec
[2026-10-08 13:52:00] [0m] Speed at iter 17800 (epoch 5.03): 686.12 iters/sec
[2026-10-08 13:52:00] [0m] Speed at iter 17900 (epoch 5.06): 675.97 iters/sec
[2026-10-08 13:52:01] [0m] Step 18000 | Epoch   5.09 | train loss 2.1862 | val loss 2.1935 | lr 7.63e-05
  Saved rolling checkpoint to pt/yawl_word_1L1H_e16_untied_cuda_rolling.pt (iter 18000, val 2.1935)
[2026-10-08 13:52:01] [0m] Speed at iter 18000 (epoch 5.09): 620.71 iters/sec
iter 18000: loss 2.1993, time 18.92ms, mfu 0.00%
[2026-10-08 13:52:01] [0m] Speed at iter 18100 (epoch 5.11): 676.83 iters/sec
[2026-10-08 13:52:01] [0m] Speed at iter 18200 (epoch 5.14): 695.11 iters/sec
[2026-10-08 13:52:01] [0m] Speed at iter 18300 (epoch 5.17): 684.52 iters/sec
[2026-10-08 13:52:01] [0m] Speed at iter 18400 (epoch 5.20): 676.67 iters/sec
[2026-10-08 13:52:01] [0m] Step 18500 | Epoch   5.23 | train loss 2.1814 | val loss 2.1788 | lr 6.92e-05
  Saved checkpoint to pt/yawl_word_1L1H_e16_untied_cuda (best val loss: 2.1788)
  Saved rolling checkpoint to pt/yawl_word_1L1H_e16_untied_cuda_rolling.pt (iter 18500, val 2.1788)
[2026-10-08 13:52:01] [0m] Speed at iter 18500 (epoch 5.23): 609.85 iters/sec
iter 18500: loss 2.1867, time 20.24ms, mfu 0.00%
[2026-10-08 13:52:01] [0m] Speed at iter 18600 (epoch 5.25): 687.64 iters/sec
[2026-10-08 13:52:02] [0m] Speed at iter 18700 (epoch 5.28): 668.45 iters/sec
[2026-10-08 13:52:02] [0m] Speed at iter 18800 (epoch 5.31): 645.15 iters/sec
[2026-10-08 13:52:02] [0m] Speed at iter 18900 (epoch 5.34): 685.08 iters/sec
[2026-10-08 13:52:02] [0m] Step 19000 | Epoch   5.37 | train loss 2.1972 | val loss 2.1825 | lr 6.41e-05
  Saved rolling checkpoint to pt/yawl_word_1L1H_e16_untied_cuda_rolling.pt (iter 19000, val 2.1825)
[2026-10-08 13:52:02] [0m] Speed at iter 19000 (epoch 5.37): 607.61 iters/sec
iter 19000: loss 2.1718, time 19.98ms, mfu 0.00%
[2026-10-08 13:52:02] [0m] Speed at iter 19100 (epoch 5.40): 664.55 iters/sec
[2026-10-08 13:52:02] [0m] Speed at iter 19200 (epoch 5.42): 678.71 iters/sec
[2026-10-08 13:52:02] [0m] Speed at iter 19300 (epoch 5.45): 683.30 iters/sec
[2026-10-08 13:52:03] [0m] Speed at iter 19400 (epoch 5.48): 682.30 iters/sec
[2026-10-08 13:52:03] [0m] Step 19500 | Epoch   5.51 | train loss 2.2103 | val loss 2.1921 | lr 6.10e-05
  Saved rolling checkpoint to pt/yawl_word_1L1H_e16_untied_cuda_rolling.pt (iter 19500, val 2.1921)
[2026-10-08 13:52:03] [0m] Speed at iter 19500 (epoch 5.51): 612.03 iters/sec
iter 19500: loss 2.2142, time 18.81ms, mfu 0.00%
[2026-10-08 13:52:03] [0m] Speed at iter 19600 (epoch 5.54): 626.47 iters/sec
[2026-10-08 13:52:03] [0m] Speed at iter 19700 (epoch 5.57): 694.46 iters/sec
[2026-10-08 13:52:03] [0m] Speed at iter 19800 (epoch 5.59): 712.36 iters/sec
[2026-10-08 13:52:03] [0m] Speed at iter 19900 (epoch 5.62): 663.67 iters/sec

[2026-10-08 13:52:04] [0m] Training complete!
Mode: word
Tokenizer: char
Attention type: softmax
Final iteration: 20000, Final epoch: 5.65
Best validation loss: 2.1788
[2026-10-08 13:52:04] Saving final model to pt/yawl_word_1L1H_e16_untied_cuda_final.pt
Final model saved to: pt/yawl_word_1L1H_e16_untied_cuda
============================================================

[2026-10-08 13:52:04] Final sample from trained model:
lickling
farrefitate
remet
wunchy
discherl
trothy
subsan
unnitings
iaptitolonis
remouds
hispings
reckarity
zelenchy
telitedus
uncher
velangonial
suerdisate
pricropogenism
spored
keindoxing

=== n_embd=16: finished at Thu Oct  8 01:52:04 PM EDT 2026 ===

========================================
=== n_embd=12: starting ===
  output: pt/yawl_word_1L1H_e12_untied_cuda.pt
  log:    terminal_logs/terminal_log_for_yawl_word_1L1H_e12_untied_cuda_2026_10_08_1349.txt
========================================
[2026-10-08 13:52:05] Using device: cuda
[2026-10-08 13:52:05] Seeded torch RNG with --seed 1337
[2026-10-08 13:52:05] Using precision: float32 (requested: float32)
[2026-10-08 13:52:05] Training mode: word
[2026-10-08 13:52:05] Reading input from txt_local/yawl_word_list_width_26.txt
[2026-10-08 13:52:05] Read 2,721,922 characters
[2026-10-08 13:52:05] Training char tokenizer...
CharTokenizer: Built vocabulary of 27 characters
[2026-10-08 13:52:05] Padding token ID: 27
[2026-10-08 13:52:05] Preparing word blocks from 264097 words...
[2026-10-08 13:52:06] Created 251710 word blocks
[2026-10-08 13:52:06] Skipped 12387 words (too long for block_size=17)
[2026-10-08 13:52:06] Training blocks: 226,539 (3,851,163 tokens)
[2026-10-08 13:52:06] Validation blocks: 25171
[2026-10-08 13:52:06] Saving tokenizer to pt/yawl_word_1L1H_e12_untied_cuda_meta.pkl
[2026-10-08 13:52:06] Initializing new model...
  Vocabulary size: 27 (+ 1 padding token = 28)
number of parameters: 0.00M (softmax attention, untied weights)
num decayed parameter tensors: 7, with 2,604 parameters
num non-decayed parameter tensors: 10, with 180 parameters
using fused AdamW: False

[2026-10-08 13:52:06] Starting training...
Command line: py/train.py --input txt_local/yawl_word_list_width_26.txt --output pt/yawl_word_1L1H_e12_untied_cuda --checkpoints_to pt --mode word --tokenizer char --untie_weights --n_layer 1 --n_head 1 --n_embd 12 --block_size 17 --max_iters 20000 --seed 1337 --no_fused --batch_size 64 --learning_rate 6e-4 --warmup_iters 2000 --dropout 0.0 --val_split 0.1 --precision float32 --eval_interval 500 --eval_iters 20 --save_interval 2500 --log_interval 500 --sample_interval 100000000

--- Mode and tokenizer ---
  mode:               word
  tokenizer:          char
  vocab_size:         27 (+ 1 padding = 28)
  padding token ID:   27
  attention type:     softmax
  precision:          float32
--- Architecture ---
  n_layer:            1
  n_head:             1
  n_embd:             12
  block_size:         17
  dropout:            0.0
  bias:               True  (LayerNorm + Linear bias)
  tie_weights:        False
  no_gelu:            False
  no_bias:            False
--- Training ---
  batch_size:         64
  grad_accum_steps:   1
  max_iters:          20000
  learning_rate:      6.00e-04 (target after warmup)
  min_lr (cosine):    6.00e-05
  warmup_iters:       2000
  weight_decay:       0.1 (decay tensors), 0.0 (no-decay tensors)  [hardcoded]
  betas:              (0.9, 0.95)  [hardcoded]
  grad_clip:          1.0  [hardcoded]
--- Data ---
  input:              txt_local/yawl_word_list_width_26.txt
  val_split:          0.1
--- Logging ---
  log_interval:       500
  eval_interval:      500
  eval_iters:         20
  save_interval:      2500
  sample_interval:    100000000
  sample_max_tokens:  128
--- Output ---
  output:             pt/yawl_word_1L1H_e12_untied_cuda
  checkpoints_to:     pt
  rolling_save:       pt/yawl_word_1L1H_e12_untied_cuda_rolling.pt (written every eval_interval)
============================================================
[2026-10-08 13:52:06] [0m] Step     0 | Epoch   0.00 | train loss 3.3301 | val loss 3.3293 | lr 0.00e+00
iter 0: loss 3.3319, time 182.22ms, mfu -100.00%
[2026-10-08 13:52:06] [0m] Speed at iter 100 (epoch 0.03): 290.85 iters/sec
[2026-10-08 13:52:07] [0m] Speed at iter 200 (epoch 0.06): 659.30 iters/sec
[2026-10-08 13:52:07] [0m] Speed at iter 300 (epoch 0.08): 692.05 iters/sec
[2026-10-08 13:52:07] [0m] Speed at iter 400 (epoch 0.11): 694.09 iters/sec
[2026-10-08 13:52:07] [0m] Step   500 | Epoch   0.14 | train loss 3.0585 | val loss 3.0637 | lr 1.50e-04
  Saved checkpoint to pt/yawl_word_1L1H_e12_untied_cuda (best val loss: 3.0637)
  Saved rolling checkpoint to pt/yawl_word_1L1H_e12_untied_cuda_rolling.pt (iter 500, val 3.0637)
[2026-10-08 13:52:07] [0m] Speed at iter 500 (epoch 0.14): 592.56 iters/sec
iter 500: loss 3.0615, time 22.39ms, mfu 0.00%
[2026-10-08 13:52:07] [0m] Speed at iter 600 (epoch 0.17): 626.98 iters/sec
[2026-10-08 13:52:07] [0m] Speed at iter 700 (epoch 0.20): 673.20 iters/sec
[2026-10-08 13:52:08] [0m] Speed at iter 800 (epoch 0.23): 689.62 iters/sec
[2026-10-08 13:52:08] [0m] Speed at iter 900 (epoch 0.25): 673.49 iters/sec
[2026-10-08 13:52:08] [0m] Step  1000 | Epoch   0.28 | train loss 2.6563 | val loss 2.6462 | lr 3.00e-04
  Saved checkpoint to pt/yawl_word_1L1H_e12_untied_cuda (best val loss: 2.6462)
  Saved rolling checkpoint to pt/yawl_word_1L1H_e12_untied_cuda_rolling.pt (iter 1000, val 2.6462)
[2026-10-08 13:52:08] [0m] Speed at iter 1000 (epoch 0.28): 608.66 iters/sec
iter 1000: loss 2.6434, time 20.24ms, mfu 0.00%
[2026-10-08 13:52:08] [0m] Speed at iter 1100 (epoch 0.31): 680.80 iters/sec
[2026-10-08 13:52:08] [0m] Speed at iter 1200 (epoch 0.34): 666.62 iters/sec
[2026-10-08 13:52:08] [0m] Speed at iter 1300 (epoch 0.37): 611.76 iters/sec
[2026-10-08 13:52:08] [0m] Speed at iter 1400 (epoch 0.40): 673.25 iters/sec
[2026-10-08 13:52:09] [0m] Step  1500 | Epoch   0.42 | train loss 2.4483 | val loss 2.4446 | lr 4.50e-04
  Saved checkpoint to pt/yawl_word_1L1H_e12_untied_cuda (best val loss: 2.4446)
  Saved rolling checkpoint to pt/yawl_word_1L1H_e12_untied_cuda_rolling.pt (iter 1500, val 2.4446)
[2026-10-08 13:52:09] [0m] Speed at iter 1500 (epoch 0.42): 620.11 iters/sec
iter 1500: loss 2.4783, time 19.91ms, mfu 0.00%
[2026-10-08 13:52:09] [0m] Speed at iter 1600 (epoch 0.45): 673.78 iters/sec
[2026-10-08 13:52:09] [0m] Speed at iter 1700 (epoch 0.48): 683.90 iters/sec
[2026-10-08 13:52:09] [0m] Speed at iter 1800 (epoch 0.51): 683.22 iters/sec
[2026-10-08 13:52:09] [0m] Speed at iter 1900 (epoch 0.54): 683.62 iters/sec
[2026-10-08 13:52:09] [0m] Step  2000 | Epoch   0.57 | train loss 2.3903 | val loss 2.4053 | lr 6.00e-04
  Saved checkpoint to pt/yawl_word_1L1H_e12_untied_cuda (best val loss: 2.4053)
  Saved rolling checkpoint to pt/yawl_word_1L1H_e12_untied_cuda_rolling.pt (iter 2000, val 2.4053)
[2026-10-08 13:52:09] [0m] Speed at iter 2000 (epoch 0.57): 592.68 iters/sec
iter 2000: loss 2.3773, time 20.78ms, mfu 0.00%
[2026-10-08 13:52:10] [0m] Speed at iter 2100 (epoch 0.59): 670.46 iters/sec
[2026-10-08 13:52:10] [0m] Speed at iter 2200 (epoch 0.62): 694.84 iters/sec
[2026-10-08 13:52:10] [0m] Speed at iter 2300 (epoch 0.65): 685.17 iters/sec
[2026-10-08 13:52:10] [0m] Speed at iter 2400 (epoch 0.68): 689.54 iters/sec
[2026-10-08 13:52:10] [0m] Step  2500 | Epoch   0.71 | train loss 2.3602 | val loss 2.3575 | lr 5.99e-04
  Saved checkpoint to pt/yawl_word_1L1H_e12_untied_cuda (best val loss: 2.3575)
  Saved rolling checkpoint to pt/yawl_word_1L1H_e12_untied_cuda_rolling.pt (iter 2500, val 2.3575)
[2026-10-08 13:52:10] [0m] Saved periodic checkpoint to pt/yawl_word_1L1H_e12_untied_cuda_iter2500.pt (iter 2500, epoch 0.71)
[2026-10-08 13:52:10] [0m] Speed at iter 2500 (epoch 0.71): 581.28 iters/sec
iter 2500: loss 2.4060, time 22.81ms, mfu 0.00%
[2026-10-08 13:52:10] [0m] Speed at iter 2600 (epoch 0.73): 677.75 iters/sec
[2026-10-08 13:52:10] [0m] Speed at iter 2700 (epoch 0.76): 677.61 iters/sec
[2026-10-08 13:52:11] [0m] Speed at iter 2800 (epoch 0.79): 681.98 iters/sec
[2026-10-08 13:52:11] [0m] Speed at iter 2900 (epoch 0.82): 683.68 iters/sec
[2026-10-08 13:52:11] [0m] Step  3000 | Epoch   0.85 | train loss 2.3576 | val loss 2.3691 | lr 5.96e-04
  Saved rolling checkpoint to pt/yawl_word_1L1H_e12_untied_cuda_rolling.pt (iter 3000, val 2.3691)
[2026-10-08 13:52:11] [0m] Speed at iter 3000 (epoch 0.85): 620.17 iters/sec
iter 3000: loss 2.3202, time 18.50ms, mfu 0.00%
[2026-10-08 13:52:11] [0m] Speed at iter 3100 (epoch 0.88): 651.85 iters/sec
[2026-10-08 13:52:11] [0m] Speed at iter 3200 (epoch 0.90): 586.42 iters/sec
[2026-10-08 13:52:11] [0m] Speed at iter 3300 (epoch 0.93): 576.15 iters/sec
[2026-10-08 13:52:12] [0m] Speed at iter 3400 (epoch 0.96): 632.47 iters/sec
[2026-10-08 13:52:12] [0m] Step  3500 | Epoch   0.99 | train loss 2.3506 | val loss 2.3572 | lr 5.91e-04
  Saved checkpoint to pt/yawl_word_1L1H_e12_untied_cuda (best val loss: 2.3572)
  Saved rolling checkpoint to pt/yawl_word_1L1H_e12_untied_cuda_rolling.pt (iter 3500, val 2.3572)
[2026-10-08 13:52:12] [0m] Speed at iter 3500 (epoch 0.99): 553.69 iters/sec
iter 3500: loss 2.3367, time 20.55ms, mfu 0.00%
[2026-10-08 13:52:12] [0m] Speed at iter 3600 (epoch 1.02): 660.39 iters/sec
[2026-10-08 13:52:12] [0m] Speed at iter 3700 (epoch 1.05): 646.16 iters/sec
[2026-10-08 13:52:12] [0m] Speed at iter 3800 (epoch 1.07): 561.30 iters/sec
[2026-10-08 13:52:12] [0m] Speed at iter 3900 (epoch 1.10): 633.01 iters/sec
[2026-10-08 13:52:13] [0m] Step  4000 | Epoch   1.13 | train loss 2.3161 | val loss 2.3417 | lr 5.84e-04
  Saved checkpoint to pt/yawl_word_1L1H_e12_untied_cuda (best val loss: 2.3417)
  Saved rolling checkpoint to pt/yawl_word_1L1H_e12_untied_cuda_rolling.pt (iter 4000, val 2.3417)
[2026-10-08 13:52:13] [0m] Speed at iter 4000 (epoch 1.13): 551.40 iters/sec
iter 4000: loss 2.2884, time 20.46ms, mfu 0.00%
[2026-10-08 13:52:13] [0m] Speed at iter 4100 (epoch 1.16): 654.30 iters/sec
[2026-10-08 13:52:13] [0m] Speed at iter 4200 (epoch 1.19): 669.49 iters/sec
[2026-10-08 13:52:13] [0m] Speed at iter 4300 (epoch 1.21): 619.32 iters/sec
[2026-10-08 13:52:13] [0m] Speed at iter 4400 (epoch 1.24): 579.54 iters/sec
[2026-10-08 13:52:13] [0m] Step  4500 | Epoch   1.27 | train loss 2.3224 | val loss 2.3229 | lr 5.75e-04
  Saved checkpoint to pt/yawl_word_1L1H_e12_untied_cuda (best val loss: 2.3229)
  Saved rolling checkpoint to pt/yawl_word_1L1H_e12_untied_cuda_rolling.pt (iter 4500, val 2.3229)
[2026-10-08 13:52:13] [0m] Speed at iter 4500 (epoch 1.27): 540.47 iters/sec
iter 4500: loss 2.2821, time 22.55ms, mfu 0.00%
[2026-10-08 13:52:14] [0m] Speed at iter 4600 (epoch 1.30): 587.99 iters/sec
[2026-10-08 13:52:14] [0m] Speed at iter 4700 (epoch 1.33): 594.81 iters/sec
[2026-10-08 13:52:14] [0m] Speed at iter 4800 (epoch 1.36): 679.45 iters/sec
[2026-10-08 13:52:14] [0m] Speed at iter 4900 (epoch 1.38): 645.04 iters/sec
[2026-10-08 13:52:14] [0m] Step  5000 | Epoch   1.41 | train loss 2.2966 | val loss 2.3068 | lr 5.64e-04
  Saved checkpoint to pt/yawl_word_1L1H_e12_untied_cuda (best val loss: 2.3068)
  Saved rolling checkpoint to pt/yawl_word_1L1H_e12_untied_cuda_rolling.pt (iter 5000, val 2.3068)
[2026-10-08 13:52:14] [0m] Saved periodic checkpoint to pt/yawl_word_1L1H_e12_untied_cuda_iter5000.pt (iter 5000, epoch 1.41)
[2026-10-08 13:52:14] [0m] Speed at iter 5000 (epoch 1.41): 486.89 iters/sec
iter 5000: loss 2.3392, time 21.90ms, mfu 0.00%
[2026-10-08 13:52:14] [0m] Speed at iter 5100 (epoch 1.44): 663.49 iters/sec
[2026-10-08 13:52:14] [0m] Speed at iter 5200 (epoch 1.47): 663.52 iters/sec
[2026-10-08 13:52:15] [0m] Speed at iter 5300 (epoch 1.50): 612.76 iters/sec
[2026-10-08 13:52:15] [0m] Speed at iter 5400 (epoch 1.53): 618.84 iters/sec
[2026-10-08 13:52:15] [0m] Step  5500 | Epoch   1.55 | train loss 2.3008 | val loss 2.3082 | lr 5.51e-04
  Saved rolling checkpoint to pt/yawl_word_1L1H_e12_untied_cuda_rolling.pt (iter 5500, val 2.3082)
[2026-10-08 13:52:15] [0m] Speed at iter 5500 (epoch 1.55): 595.16 iters/sec
iter 5500: loss 2.3016, time 19.80ms, mfu 0.00%
[2026-10-08 13:52:15] [0m] Speed at iter 5600 (epoch 1.58): 608.94 iters/sec
[2026-10-08 13:52:15] [0m] Speed at iter 5700 (epoch 1.61): 667.35 iters/sec
[2026-10-08 13:52:15] [0m] Speed at iter 5800 (epoch 1.64): 651.56 iters/sec
[2026-10-08 13:52:16] [0m] Speed at iter 5900 (epoch 1.67): 657.59 iters/sec
[2026-10-08 13:52:16] [0m] Step  6000 | Epoch   1.70 | train loss 2.2854 | val loss 2.2957 | lr 5.37e-04
  Saved checkpoint to pt/yawl_word_1L1H_e12_untied_cuda (best val loss: 2.2957)
  Saved rolling checkpoint to pt/yawl_word_1L1H_e12_untied_cuda_rolling.pt (iter 6000, val 2.2957)
[2026-10-08 13:52:16] [0m] Speed at iter 6000 (epoch 1.70): 575.28 iters/sec
iter 6000: loss 2.2863, time 20.26ms, mfu 0.00%
[2026-10-08 13:52:16] [0m] Speed at iter 6100 (epoch 1.72): 626.35 iters/sec
[2026-10-08 13:52:16] [0m] Speed at iter 6200 (epoch 1.75): 629.12 iters/sec
[2026-10-08 13:52:16] [0m] Speed at iter 6300 (epoch 1.78): 616.84 iters/sec
[2026-10-08 13:52:16] [0m] Speed at iter 6400 (epoch 1.81): 628.46 iters/sec
[2026-10-08 13:52:17] [0m] Step  6500 | Epoch   1.84 | train loss 2.2784 | val loss 2.2932 | lr 5.21e-04
  Saved checkpoint to pt/yawl_word_1L1H_e12_untied_cuda (best val loss: 2.2932)
  Saved rolling checkpoint to pt/yawl_word_1L1H_e12_untied_cuda_rolling.pt (iter 6500, val 2.2932)
[2026-10-08 13:52:17] [0m] Speed at iter 6500 (epoch 1.84): 579.69 iters/sec
iter 6500: loss 2.3218, time 21.05ms, mfu 0.00%
[2026-10-08 13:52:17] [0m] Speed at iter 6600 (epoch 1.86): 629.24 iters/sec
[2026-10-08 13:52:17] [0m] Speed at iter 6700 (epoch 1.89): 711.69 iters/sec
[2026-10-08 13:52:17] [0m] Speed at iter 6800 (epoch 1.92): 645.14 iters/sec
[2026-10-08 13:52:17] [0m] Speed at iter 6900 (epoch 1.95): 616.16 iters/sec
[2026-10-08 13:52:17] [0m] Step  7000 | Epoch   1.98 | train loss 2.2731 | val loss 2.2748 | lr 5.04e-04
  Saved checkpoint to pt/yawl_word_1L1H_e12_untied_cuda (best val loss: 2.2748)
  Saved rolling checkpoint to pt/yawl_word_1L1H_e12_untied_cuda_rolling.pt (iter 7000, val 2.2748)
[2026-10-08 13:52:17] [0m] Speed at iter 7000 (epoch 1.98): 562.81 iters/sec
iter 7000: loss 2.3090, time 22.38ms, mfu 0.00%
[2026-10-08 13:52:18] [0m] Speed at iter 7100 (epoch 2.01): 653.47 iters/sec
[2026-10-08 13:52:18] [0m] Speed at iter 7200 (epoch 2.03): 659.85 iters/sec
[2026-10-08 13:52:18] [0m] Speed at iter 7300 (epoch 2.06): 645.02 iters/sec
[2026-10-08 13:52:18] [0m] Speed at iter 7400 (epoch 2.09): 638.32 iters/sec
[2026-10-08 13:52:18] [0m] Step  7500 | Epoch   2.12 | train loss 2.2711 | val loss 2.2779 | lr 4.85e-04
  Saved rolling checkpoint to pt/yawl_word_1L1H_e12_untied_cuda_rolling.pt (iter 7500, val 2.2779)
[2026-10-08 13:52:18] [0m] Saved periodic checkpoint to pt/yawl_word_1L1H_e12_untied_cuda_iter7500.pt (iter 7500, epoch 2.12)
[2026-10-08 13:52:18] [0m] Speed at iter 7500 (epoch 2.12): 545.29 iters/sec
iter 7500: loss 2.2836, time 20.19ms, mfu 0.00%
[2026-10-08 13:52:18] [0m] Speed at iter 7600 (epoch 2.15): 592.06 iters/sec
[2026-10-08 13:52:19] [0m] Speed at iter 7700 (epoch 2.18): 683.92 iters/sec
[2026-10-08 13:52:19] [0m] Speed at iter 7800 (epoch 2.20): 690.72 iters/sec
[2026-10-08 13:52:19] [0m] Speed at iter 7900 (epoch 2.23): 656.56 iters/sec
[2026-10-08 13:52:19] [0m] Step  8000 | Epoch   2.26 | train loss 2.2709 | val loss 2.2680 | lr 4.65e-04
  Saved checkpoint to pt/yawl_word_1L1H_e12_untied_cuda (best val loss: 2.2680)
  Saved rolling checkpoint to pt/yawl_word_1L1H_e12_untied_cuda_rolling.pt (iter 8000, val 2.2680)
[2026-10-08 13:52:19] [0m] Speed at iter 8000 (epoch 2.26): 568.36 iters/sec
iter 8000: loss 2.2443, time 20.05ms, mfu 0.00%
[2026-10-08 13:52:19] [0m] Speed at iter 8100 (epoch 2.29): 637.74 iters/sec
[2026-10-08 13:52:19] [0m] Speed at iter 8200 (epoch 2.32): 699.23 iters/sec
[2026-10-08 13:52:19] [0m] Speed at iter 8300 (epoch 2.34): 706.00 iters/sec
[2026-10-08 13:52:20] [0m] Speed at iter 8400 (epoch 2.37): 709.72 iters/sec
[2026-10-08 13:52:20] [0m] Step  8500 | Epoch   2.40 | train loss 2.2734 | val loss 2.2535 | lr 4.44e-04
  Saved checkpoint to pt/yawl_word_1L1H_e12_untied_cuda (best val loss: 2.2535)
  Saved rolling checkpoint to pt/yawl_word_1L1H_e12_untied_cuda_rolling.pt (iter 8500, val 2.2535)
[2026-10-08 13:52:20] [0m] Speed at iter 8500 (epoch 2.40): 623.86 iters/sec
iter 8500: loss 2.2061, time 20.67ms, mfu 0.00%
[2026-10-08 13:52:20] [0m] Speed at iter 8600 (epoch 2.43): 605.58 iters/sec
[2026-10-08 13:52:20] [0m] Speed at iter 8700 (epoch 2.46): 611.21 iters/sec
[2026-10-08 13:52:20] [0m] Speed at iter 8800 (epoch 2.49): 606.52 iters/sec
[2026-10-08 13:52:20] [0m] Speed at iter 8900 (epoch 2.51): 699.90 iters/sec
[2026-10-08 13:52:21] [0m] Step  9000 | Epoch   2.54 | train loss 2.2601 | val loss 2.2700 | lr 4.22e-04
  Saved rolling checkpoint to pt/yawl_word_1L1H_e12_untied_cuda_rolling.pt (iter 9000, val 2.2700)
[2026-10-08 13:52:21] [0m] Speed at iter 9000 (epoch 2.54): 597.79 iters/sec
iter 9000: loss 2.3520, time 20.83ms, mfu 0.00%
[2026-10-08 13:52:21] [0m] Speed at iter 9100 (epoch 2.57): 708.77 iters/sec
[2026-10-08 13:52:21] [0m] Speed at iter 9200 (epoch 2.60): 624.79 iters/sec
[2026-10-08 13:52:21] [0m] Speed at iter 9300 (epoch 2.63): 715.12 iters/sec
[2026-10-08 13:52:21] [0m] Speed at iter 9400 (epoch 2.66): 679.12 iters/sec
[2026-10-08 13:52:21] [0m] Step  9500 | Epoch   2.68 | train loss 2.2330 | val loss 2.2569 | lr 4.00e-04
  Saved rolling checkpoint to pt/yawl_word_1L1H_e12_untied_cuda_rolling.pt (iter 9500, val 2.2569)
[2026-10-08 13:52:21] [0m] Speed at iter 9500 (epoch 2.68): 617.62 iters/sec
iter 9500: loss 2.2598, time 18.60ms, mfu 0.00%
[2026-10-08 13:52:21] [0m] Speed at iter 9600 (epoch 2.71): 639.37 iters/sec
[2026-10-08 13:52:22] [0m] Speed at iter 9700 (epoch 2.74): 619.19 iters/sec
[2026-10-08 13:52:22] [0m] Speed at iter 9800 (epoch 2.77): 559.31 iters/sec
[2026-10-08 13:52:22] [0m] Speed at iter 9900 (epoch 2.80): 538.52 iters/sec
[2026-10-08 13:52:22] [0m] Step 10000 | Epoch   2.83 | train loss 2.2647 | val loss 2.2562 | lr 3.77e-04
  Saved rolling checkpoint to pt/yawl_word_1L1H_e12_untied_cuda_rolling.pt (iter 10000, val 2.2562)
[2026-10-08 13:52:22] [0m] Saved periodic checkpoint to pt/yawl_word_1L1H_e12_untied_cuda_iter10000.pt (iter 10000, epoch 2.83)
[2026-10-08 13:52:22] [0m] Speed at iter 10000 (epoch 2.83): 546.42 iters/sec
iter 10000: loss 2.2846, time 20.91ms, mfu 0.00%
[2026-10-08 13:52:22] [0m] Speed at iter 10100 (epoch 2.85): 641.39 iters/sec
[2026-10-08 13:52:22] [0m] Speed at iter 10200 (epoch 2.88): 652.20 iters/sec
[2026-10-08 13:52:23] [0m] Speed at iter 10300 (epoch 2.91): 729.52 iters/sec
[2026-10-08 13:52:23] [0m] Speed at iter 10400 (epoch 2.94): 693.39 iters/sec
[2026-10-08 13:52:23] [0m] Step 10500 | Epoch   2.97 | train loss 2.2688 | val loss 2.2588 | lr 3.54e-04
  Saved rolling checkpoint to pt/yawl_word_1L1H_e12_untied_cuda_rolling.pt (iter 10500, val 2.2588)
[2026-10-08 13:52:23] [0m] Speed at iter 10500 (epoch 2.97): 624.51 iters/sec
iter 10500: loss 2.2853, time 18.74ms, mfu 0.00%
[2026-10-08 13:52:23] [0m] Speed at iter 10600 (epoch 2.99): 596.74 iters/sec
[2026-10-08 13:52:23] [0m] Speed at iter 10700 (epoch 3.02): 636.60 iters/sec
[2026-10-08 13:52:23] [0m] Speed at iter 10800 (epoch 3.05): 559.30 iters/sec
[2026-10-08 13:52:24] [0m] Speed at iter 10900 (epoch 3.08): 616.85 iters/sec
[2026-10-08 13:52:24] [0m] Step 11000 | Epoch   3.11 | train loss 2.2566 | val loss 2.2498 | lr 3.30e-04
  Saved checkpoint to pt/yawl_word_1L1H_e12_untied_cuda (best val loss: 2.2498)
  Saved rolling checkpoint to pt/yawl_word_1L1H_e12_untied_cuda_rolling.pt (iter 11000, val 2.2498)
[2026-10-08 13:52:24] [0m] Speed at iter 11000 (epoch 3.11): 602.49 iters/sec
iter 11000: loss 2.2519, time 20.49ms, mfu 0.00%
[2026-10-08 13:52:24] [0m] Speed at iter 11100 (epoch 3.14): 624.81 iters/sec
[2026-10-08 13:52:24] [0m] Speed at iter 11200 (epoch 3.16): 580.37 iters/sec
[2026-10-08 13:52:24] [0m] Speed at iter 11300 (epoch 3.19): 557.45 iters/sec
[2026-10-08 13:52:24] [0m] Speed at iter 11400 (epoch 3.22): 646.18 iters/sec
[2026-10-08 13:52:25] [0m] Step 11500 | Epoch   3.25 | train loss 2.2481 | val loss 2.2596 | lr 3.06e-04
  Saved rolling checkpoint to pt/yawl_word_1L1H_e12_untied_cuda_rolling.pt (iter 11500, val 2.2596)
[2026-10-08 13:52:25] [0m] Speed at iter 11500 (epoch 3.25): 581.36 iters/sec
iter 11500: loss 2.2766, time 20.52ms, mfu 0.00%
[2026-10-08 13:52:25] [0m] Speed at iter 11600 (epoch 3.28): 637.52 iters/sec
[2026-10-08 13:52:25] [0m] Speed at iter 11700 (epoch 3.31): 710.30 iters/sec
[2026-10-08 13:52:25] [0m] Speed at iter 11800 (epoch 3.33): 659.28 iters/sec
[2026-10-08 13:52:25] [0m] Speed at iter 11900 (epoch 3.36): 656.91 iters/sec
[2026-10-08 13:52:25] [0m] Step 12000 | Epoch   3.39 | train loss 2.2621 | val loss 2.2555 | lr 2.83e-04
  Saved rolling checkpoint to pt/yawl_word_1L1H_e12_untied_cuda_rolling.pt (iter 12000, val 2.2555)
[2026-10-08 13:52:25] [0m] Speed at iter 12000 (epoch 3.39): 557.82 iters/sec
iter 12000: loss 2.3065, time 20.18ms, mfu 0.00%
[2026-10-08 13:52:26] [0m] Speed at iter 12100 (epoch 3.42): 589.02 iters/sec
[2026-10-08 13:52:26] [0m] Speed at iter 12200 (epoch 3.45): 609.43 iters/sec
[2026-10-08 13:52:26] [0m] Speed at iter 12300 (epoch 3.47): 661.21 iters/sec
[2026-10-08 13:52:26] [0m] Speed at iter 12400 (epoch 3.50): 665.29 iters/sec
[2026-10-08 13:52:26] [0m] Step 12500 | Epoch   3.53 | train loss 2.2661 | val loss 2.2503 | lr 2.60e-04
  Saved rolling checkpoint to pt/yawl_word_1L1H_e12_untied_cuda_rolling.pt (iter 12500, val 2.2503)
[2026-10-08 13:52:26] [0m] Saved periodic checkpoint to pt/yawl_word_1L1H_e12_untied_cuda_iter12500.pt (iter 12500, epoch 3.53)
[2026-10-08 13:52:26] [0m] Speed at iter 12500 (epoch 3.53): 575.90 iters/sec
iter 12500: loss 2.2608, time 20.86ms, mfu 0.00%
[2026-10-08 13:52:26] [0m] Speed at iter 12600 (epoch 3.56): 627.38 iters/sec
[2026-10-08 13:52:26] [0m] Speed at iter 12700 (epoch 3.59): 572.56 iters/sec
[2026-10-08 13:52:27] [0m] Speed at iter 12800 (epoch 3.62): 614.47 iters/sec
[2026-10-08 13:52:27] [0m] Speed at iter 12900 (epoch 3.64): 586.34 iters/sec
[2026-10-08 13:52:27] [0m] Step 13000 | Epoch   3.67 | train loss 2.2459 | val loss 2.2795 | lr 2.38e-04
  Saved rolling checkpoint to pt/yawl_word_1L1H_e12_untied_cuda_rolling.pt (iter 13000, val 2.2795)
[2026-10-08 13:52:27] [0m] Speed at iter 13000 (epoch 3.67): 535.05 iters/sec
iter 13000: loss 2.2501, time 20.34ms, mfu 0.00%
[2026-10-08 13:52:27] [0m] Speed at iter 13100 (epoch 3.70): 633.57 iters/sec
[2026-10-08 13:52:27] [0m] Speed at iter 13200 (epoch 3.73): 713.64 iters/sec
[2026-10-08 13:52:27] [0m] Speed at iter 13300 (epoch 3.76): 694.11 iters/sec
[2026-10-08 13:52:28] [0m] Speed at iter 13400 (epoch 3.79): 636.15 iters/sec
[2026-10-08 13:52:28] [0m] Step 13500 | Epoch   3.81 | train loss 2.2543 | val loss 2.2675 | lr 2.16e-04
  Saved rolling checkpoint to pt/yawl_word_1L1H_e12_untied_cuda_rolling.pt (iter 13500, val 2.2675)
[2026-10-08 13:52:28] [0m] Speed at iter 13500 (epoch 3.81): 609.84 iters/sec
iter 13500: loss 2.3097, time 18.58ms, mfu 0.00%
[2026-10-08 13:52:28] [0m] Speed at iter 13600 (epoch 3.84): 568.48 iters/sec
[2026-10-08 13:52:28] [0m] Speed at iter 13700 (epoch 3.87): 580.75 iters/sec
[2026-10-08 13:52:28] [0m] Speed at iter 13800 (epoch 3.90): 611.96 iters/sec
[2026-10-08 13:52:28] [0m] Speed at iter 13900 (epoch 3.93): 607.47 iters/sec
[2026-10-08 13:52:29] [0m] Step 14000 | Epoch   3.96 | train loss 2.2538 | val loss 2.2468 | lr 1.95e-04
  Saved checkpoint to pt/yawl_word_1L1H_e12_untied_cuda (best val loss: 2.2468)
  Saved rolling checkpoint to pt/yawl_word_1L1H_e12_untied_cuda_rolling.pt (iter 14000, val 2.2468)
[2026-10-08 13:52:29] [0m] Speed at iter 14000 (epoch 3.96): 565.30 iters/sec
iter 14000: loss 2.2494, time 20.44ms, mfu 0.00%
[2026-10-08 13:52:29] [0m] Speed at iter 14100 (epoch 3.98): 653.67 iters/sec
[2026-10-08 13:52:29] [0m] Speed at iter 14200 (epoch 4.01): 575.75 iters/sec
[2026-10-08 13:52:29] [0m] Speed at iter 14300 (epoch 4.04): 639.87 iters/sec
[2026-10-08 13:52:29] [0m] Speed at iter 14400 (epoch 4.07): 643.68 iters/sec
[2026-10-08 13:52:29] [0m] Step 14500 | Epoch   4.10 | train loss 2.2517 | val loss 2.2401 | lr 1.75e-04
  Saved checkpoint to pt/yawl_word_1L1H_e12_untied_cuda (best val loss: 2.2401)
  Saved rolling checkpoint to pt/yawl_word_1L1H_e12_untied_cuda_rolling.pt (iter 14500, val 2.2401)
[2026-10-08 13:52:29] [0m] Speed at iter 14500 (epoch 4.10): 534.83 iters/sec
iter 14500: loss 2.2517, time 20.53ms, mfu 0.00%
[2026-10-08 13:52:30] [0m] Speed at iter 14600 (epoch 4.12): 625.26 iters/sec
[2026-10-08 13:52:30] [0m] Speed at iter 14700 (epoch 4.15): 617.55 iters/sec
[2026-10-08 13:52:30] [0m] Speed at iter 14800 (epoch 4.18): 656.56 iters/sec
[2026-10-08 13:52:30] [0m] Speed at iter 14900 (epoch 4.21): 661.76 iters/sec
[2026-10-08 13:52:30] [0m] Step 15000 | Epoch   4.24 | train loss 2.2459 | val loss 2.2460 | lr 1.56e-04
  Saved rolling checkpoint to pt/yawl_word_1L1H_e12_untied_cuda_rolling.pt (iter 15000, val 2.2460)
[2026-10-08 13:52:30] [0m] Saved periodic checkpoint to pt/yawl_word_1L1H_e12_untied_cuda_iter15000.pt (iter 15000, epoch 4.24)
[2026-10-08 13:52:30] [0m] Speed at iter 15000 (epoch 4.24): 539.81 iters/sec
iter 15000: loss 2.1975, time 20.66ms, mfu 0.00%
[2026-10-08 13:52:30] [0m] Speed at iter 15100 (epoch 4.27): 534.21 iters/sec
[2026-10-08 13:52:31] [0m] Speed at iter 15200 (epoch 4.29): 589.33 iters/sec
[2026-10-08 13:52:31] [0m] Speed at iter 15300 (epoch 4.32): 636.89 iters/sec
[2026-10-08 13:52:31] [0m] Speed at iter 15400 (epoch 4.35): 636.24 iters/sec
[2026-10-08 13:52:31] [0m] Step 15500 | Epoch   4.38 | train loss 2.2491 | val loss 2.2435 | lr 1.39e-04
  Saved rolling checkpoint to pt/yawl_word_1L1H_e12_untied_cuda_rolling.pt (iter 15500, val 2.2435)
[2026-10-08 13:52:31] [0m] Speed at iter 15500 (epoch 4.38): 567.41 iters/sec
iter 15500: loss 2.2072, time 22.05ms, mfu 0.00%
[2026-10-08 13:52:31] [0m] Speed at iter 15600 (epoch 4.41): 543.16 iters/sec
[2026-10-08 13:52:31] [0m] Speed at iter 15700 (epoch 4.44): 607.62 iters/sec
[2026-10-08 13:52:32] [0m] Speed at iter 15800 (epoch 4.46): 694.82 iters/sec
[2026-10-08 13:52:32] [0m] Speed at iter 15900 (epoch 4.49): 688.17 iters/sec
[2026-10-08 13:52:32] [0m] Step 16000 | Epoch   4.52 | train loss 2.2508 | val loss 2.2367 | lr 1.23e-04
  Saved checkpoint to pt/yawl_word_1L1H_e12_untied_cuda (best val loss: 2.2367)
  Saved rolling checkpoint to pt/yawl_word_1L1H_e12_untied_cuda_rolling.pt (iter 16000, val 2.2367)
[2026-10-08 13:52:32] [0m] Speed at iter 16000 (epoch 4.52): 628.49 iters/sec
iter 16000: loss 2.1865, time 20.28ms, mfu 0.00%
[2026-10-08 13:52:32] [0m] Speed at iter 16100 (epoch 4.55): 550.24 iters/sec
[2026-10-08 13:52:32] [0m] Speed at iter 16200 (epoch 4.58): 614.66 iters/sec
[2026-10-08 13:52:32] [0m] Speed at iter 16300 (epoch 4.60): 592.95 iters/sec
[2026-10-08 13:52:33] [0m] Speed at iter 16400 (epoch 4.63): 600.69 iters/sec
[2026-10-08 13:52:33] [0m] Step 16500 | Epoch   4.66 | train loss 2.2266 | val loss 2.2360 | lr 1.09e-04
  Saved checkpoint to pt/yawl_word_1L1H_e12_untied_cuda (best val loss: 2.2360)
  Saved rolling checkpoint to pt/yawl_word_1L1H_e12_untied_cuda_rolling.pt (iter 16500, val 2.2360)
[2026-10-08 13:52:33] [0m] Speed at iter 16500 (epoch 4.66): 584.10 iters/sec
iter 16500: loss 2.2398, time 20.48ms, mfu 0.00%
[2026-10-08 13:52:33] [0m] Speed at iter 16600 (epoch 4.69): 642.69 iters/sec
[2026-10-08 13:52:33] [0m] Speed at iter 16700 (epoch 4.72): 689.89 iters/sec
[2026-10-08 13:52:33] [0m] Speed at iter 16800 (epoch 4.75): 628.20 iters/sec
[2026-10-08 13:52:33] [0m] Speed at iter 16900 (epoch 4.77): 653.97 iters/sec
[2026-10-08 13:52:34] [0m] Step 17000 | Epoch   4.80 | train loss 2.2474 | val loss 2.2413 | lr 9.62e-05
  Saved rolling checkpoint to pt/yawl_word_1L1H_e12_untied_cuda_rolling.pt (iter 17000, val 2.2413)
[2026-10-08 13:52:34] [0m] Speed at iter 17000 (epoch 4.80): 524.76 iters/sec
iter 17000: loss 2.1621, time 27.35ms, mfu 0.00%
[2026-10-08 13:52:34] [0m] Speed at iter 17100 (epoch 4.83): 548.81 iters/sec
[2026-10-08 13:52:34] [0m] Speed at iter 17200 (epoch 4.86): 565.31 iters/sec
[2026-10-08 13:52:34] [0m] Speed at iter 17300 (epoch 4.89): 617.80 iters/sec
[2026-10-08 13:52:34] [0m] Speed at iter 17400 (epoch 4.92): 664.64 iters/sec
[2026-10-08 13:52:34] [0m] Step 17500 | Epoch   4.94 | train loss 2.2527 | val loss 2.2455 | lr 8.53e-05
  Saved rolling checkpoint to pt/yawl_word_1L1H_e12_untied_cuda_rolling.pt (iter 17500, val 2.2455)
[2026-10-08 13:52:34] [0m] Saved periodic checkpoint to pt/yawl_word_1L1H_e12_untied_cuda_iter17500.pt (iter 17500, epoch 4.94)
[2026-10-08 13:52:34] [0m] Speed at iter 17500 (epoch 4.94): 589.55 iters/sec
iter 17500: loss 2.2381, time 21.67ms, mfu 0.00%
[2026-10-08 13:52:35] [0m] Speed at iter 17600 (epoch 4.97): 636.48 iters/sec
[2026-10-08 13:52:35] [0m] Speed at iter 17700 (epoch 5.00): 663.09 iters/sec
[2026-10-08 13:52:35] [0m] Speed at iter 17800 (epoch 5.03): 668.71 iters/sec
[2026-10-08 13:52:35] [0m] Speed at iter 17900 (epoch 5.06): 672.20 iters/sec
[2026-10-08 13:52:35] [0m] Step 18000 | Epoch   5.09 | train loss 2.2347 | val loss 2.2650 | lr 7.63e-05
  Saved rolling checkpoint to pt/yawl_word_1L1H_e12_untied_cuda_rolling.pt (iter 18000, val 2.2650)
[2026-10-08 13:52:35] [0m] Speed at iter 18000 (epoch 5.09): 579.16 iters/sec
iter 18000: loss 2.2317, time 19.19ms, mfu 0.00%
[2026-10-08 13:52:35] [0m] Speed at iter 18100 (epoch 5.11): 592.02 iters/sec
[2026-10-08 13:52:36] [0m] Speed at iter 18200 (epoch 5.14): 612.00 iters/sec
[2026-10-08 13:52:36] [0m] Speed at iter 18300 (epoch 5.17): 578.64 iters/sec
[2026-10-08 13:52:36] [0m] Speed at iter 18400 (epoch 5.20): 616.48 iters/sec
[2026-10-08 13:52:36] [0m] Step 18500 | Epoch   5.23 | train loss 2.2243 | val loss 2.2360 | lr 6.92e-05
  Saved checkpoint to pt/yawl_word_1L1H_e12_untied_cuda (best val loss: 2.2360)
  Saved rolling checkpoint to pt/yawl_word_1L1H_e12_untied_cuda_rolling.pt (iter 18500, val 2.2360)
[2026-10-08 13:52:36] [0m] Speed at iter 18500 (epoch 5.23): 494.05 iters/sec
iter 18500: loss 2.1380, time 20.07ms, mfu 0.00%
[2026-10-08 13:52:36] [0m] Speed at iter 18600 (epoch 5.25): 524.64 iters/sec
[2026-10-08 13:52:36] [0m] Speed at iter 18700 (epoch 5.28): 642.98 iters/sec
[2026-10-08 13:52:37] [0m] Speed at iter 18800 (epoch 5.31): 699.33 iters/sec
[2026-10-08 13:52:37] [0m] Speed at iter 18900 (epoch 5.34): 657.47 iters/sec
[2026-10-08 13:52:37] [0m] Step 19000 | Epoch   5.37 | train loss 2.2575 | val loss 2.2408 | lr 6.41e-05
  Saved rolling checkpoint to pt/yawl_word_1L1H_e12_untied_cuda_rolling.pt (iter 19000, val 2.2408)
[2026-10-08 13:52:37] [0m] Speed at iter 19000 (epoch 5.37): 559.07 iters/sec
iter 19000: loss 2.1887, time 18.98ms, mfu 0.00%
[2026-10-08 13:52:37] [0m] Speed at iter 19100 (epoch 5.40): 654.58 iters/sec
[2026-10-08 13:52:37] [0m] Speed at iter 19200 (epoch 5.42): 661.11 iters/sec
[2026-10-08 13:52:37] [0m] Speed at iter 19300 (epoch 5.45): 674.16 iters/sec
[2026-10-08 13:52:37] [0m] Speed at iter 19400 (epoch 5.48): 688.05 iters/sec
[2026-10-08 13:52:38] [0m] Step 19500 | Epoch   5.51 | train loss 2.2451 | val loss 2.2468 | lr 6.10e-05
  Saved rolling checkpoint to pt/yawl_word_1L1H_e12_untied_cuda_rolling.pt (iter 19500, val 2.2468)
[2026-10-08 13:52:38] [0m] Speed at iter 19500 (epoch 5.51): 632.45 iters/sec
iter 19500: loss 2.2170, time 18.93ms, mfu 0.00%
[2026-10-08 13:52:38] [0m] Speed at iter 19600 (epoch 5.54): 644.70 iters/sec
[2026-10-08 13:52:38] [0m] Speed at iter 19700 (epoch 5.57): 655.97 iters/sec
[2026-10-08 13:52:38] [0m] Speed at iter 19800 (epoch 5.59): 596.06 iters/sec
[2026-10-08 13:52:38] [0m] Speed at iter 19900 (epoch 5.62): 641.38 iters/sec

[2026-10-08 13:52:38] [0m] Training complete!
Mode: word
Tokenizer: char
Attention type: softmax
Final iteration: 20000, Final epoch: 5.65
Best validation loss: 2.2360
[2026-10-08 13:52:38] Saving final model to pt/yawl_word_1L1H_e12_untied_cuda_final.pt
Final model saved to: pt/yawl_word_1L1H_e12_untied_cuda
============================================================

[2026-10-08 13:52:38] Final sample from trained model:
lickling
farregs
remes
woinster
difcherlaratio
truthtates
sousta
unnitimble
iltatholes
remlads
hispings
reckars
zerpecky
telnietatin
uncher
velatgonial
sueritor
pricroalle
sporan
keinduantic

=== n_embd=12: finished at Thu Oct  8 01:52:39 PM EDT 2026 ===

========================================
All arms complete.
========================================
